▲ Next.js 16.2.6 (Turbopack)
- Local:         http://localhost:3000
- Network:       http://10.211.1.11:3000
✓ Ready in 1046ms

 GET / 200 in 399ms (next.js: 200ms, application-code: 199ms)
 GET / 200 in 56ms (next.js: 5ms, application-code: 50ms)
 GET / 200 in 86ms (next.js: 9ms, application-code: 77ms)
✓ Compiled in 99ms
 GET / 200 in 106ms (next.js: 80ms, application-code: 26ms)
 GET / 200 in 37ms (next.js: 6ms, application-code: 30ms)
 GET / 200 in 26ms (next.js: 5ms, application-code: 21ms)
 GET / 200 in 23ms (next.js: 5ms, application-code: 18ms)
 GET / 200 in 24ms (next.js: 4ms, application-code: 20ms)
 GET / 200 in 24ms (next.js: 5ms, application-code: 19ms)
 GET / 200 in 24ms (next.js: 4ms, application-code: 20ms)
 GET / 200 in 22ms (next.js: 4ms, application-code: 18ms)
 GET / 200 in 87ms (next.js: 4ms, application-code: 83ms)
 GET / 200 in 33ms (next.js: 5ms, application-code: 28ms)
 GET / 200 in 41ms (next.js: 6ms, application-code: 35ms)
 GET /login 200 in 64ms (next.js: 42ms, application-code: 22ms)
 GET /login 200 in 23ms (next.js: 4ms, application-code: 19ms)
 GET /login 200 in 75ms (next.js: 4ms, application-code: 70ms)
 GET /login 200 in 57ms (next.js: 5ms, application-code: 51ms)
 GET / 200 in 38ms (next.js: 8ms, application-code: 31ms)
 GET / 200 in 54ms (next.js: 4ms, application-code: 49ms)
 GET /login 200 in 35ms (next.js: 6ms, application-code: 29ms)
✓ Compiled in 52ms
✓ Compiled in 46ms
✓ Compiled in 61ms
✓ Compiled in 206ms
 GET /login 200 in 107ms (next.js: 68ms, application-code: 40ms)
 GET /login 200 in 24ms (next.js: 5ms, application-code: 19ms)
 GET /login 200 in 95ms (next.js: 4ms, application-code: 91ms)
 GET /login 200 in 26ms (next.js: 5ms, application-code: 21ms)
 GET /login 200 in 30ms (next.js: 5ms, application-code: 25ms)
 GET /login 200 in 25ms (next.js: 5ms, application-code: 20ms)
 GET /login 200 in 25ms (next.js: 5ms, application-code: 20ms)
 GET / 200 in 188ms (next.js: 92ms, application-code: 96ms)
 GET /login 200 in 62ms (next.js: 5ms, application-code: 57ms)
 GET / 200 in 39ms (next.js: 7ms, application-code: 32ms)
 GET / 200 in 55ms (next.js: 5ms, application-code: 50ms)
 GET /login 200 in 34ms (next.js: 4ms, application-code: 30ms)
 GET /register 200 in 78ms (next.js: 49ms, application-code: 29ms)
✓ Compiled in 65ms
 GET /login 200 in 109ms (next.js: 74ms, application-code: 35ms)
✓ Compiled in 38ms
 GET /login 200 in 100ms (next.js: 65ms, application-code: 35ms)
 GET / 200 in 189ms (next.js: 90ms, application-code: 98ms)
 GET /login 200 in 81ms (next.js: 6ms, application-code: 75ms)
 GET /login 200 in 46ms (next.js: 6ms, application-code: 40ms)
 GET /login 200 in 51ms (next.js: 4ms, application-code: 47ms)
 GET /login 200 in 61ms (next.js: 5ms, application-code: 56ms)
 GET /login 200 in 63ms (next.js: 5ms, application-code: 58ms)
 GET /login 200 in 62ms (next.js: 5ms, application-code: 57ms)
 GET / 200 in 36ms (next.js: 6ms, application-code: 30ms)
 GET / 200 in 35ms (next.js: 4ms, application-code: 30ms)
 GET /login 200 in 30ms (next.js: 4ms, application-code: 25ms)
 GET /login 200 in 31ms (next.js: 5ms, application-code: 26ms)
✓ Compiled in 32ms
 GET /login 200 in 49ms (next.js: 5ms, application-code: 44ms)
✓ Compiled in 105ms
⨯ ./app/(auth)/login/login.module.css
Error evaluating Node.js code
CssSyntaxError: C:\Users\MSI Bravo\OneDrive\Documents\Enginex\app\(auth)\login\login.module.css:1:1: Unknown word ?
    [at Input.error (turbopack:///[project]/node_modules/postcss/lib/input.js:135:16)]
    [at Parser.unknownWord (turbopack:///[project]/node_modules/postcss/lib/parser.js:595:22)]
    [at Parser.other (turbopack:///[project]/node_modules/postcss/lib/parser.js:437:12)]
    [at Parser.parse (turbopack:///[project]/node_modules/postcss/lib/parser.js:472:16)]
    [at parser (turbopack:///[project]/node_modules/postcss/lib/parse.js:11:12)]
    [at new LazyResult (turbopack:///[project]/node_modules/postcss/lib/lazy-result.js:165:16)]
    [at Processor.process (turbopack:///[project]/node_modules/postcss/lib/processor.js:53:14)]
    [at transform (turbopack:///[turbopack-node]/transforms/postcss.ts:70:51)]
    [at run (turbopack:///[turbopack-node]/child_process/evaluate.ts:89:29)]
    [at run (turbopack:///[turbopack-node]/child_process/evaluate.ts:112:11)]

Import traces:
  Client Component Browser:
    ./app/(auth)/login/login.module.css [Client Component Browser]
    ./app/(auth)/login/page.tsx [Client Component Browser]
    ./app/(auth)/login/page.tsx [Server Component]

  Client Component SSR:
    ./app/(auth)/login/login.module.css [Client Component SSR]
    ./app/(auth)/login/page.tsx [Client Component SSR]
    ./app/(auth)/login/page.tsx [Server Component]


 GET /login 500 in 1318ms (next.js: 1005ms, application-code: 312ms)
[browser] ./app/(auth)/login/login.module.css
Error evaluating Node.js code
CssSyntaxError: C:\Users\MSI Bravo\OneDrive\Documents\Enginex\app\(auth)\login\login.module.css:1:1: Unknown word ?
    [at Input.error (turbopack:///[project]/node_modules/postcss/lib/input.js:135:16)]
    [at Parser.unknownWord (turbopack:///[project]/node_modules/postcss/lib/parser.js:595:22)]
    [at Parser.other (turbopack:///[project]/node_modules/postcss/lib/parser.js:437:12)]
    [at Parser.parse (turbopack:///[project]/node_modules/postcss/lib/parser.js:472:16)]
    [at parser (turbopack:///[project]/node_modules/postcss/lib/parse.js:11:12)]
    [at new LazyResult (turbopack:///[project]/node_modules/postcss/lib/lazy-result.js:165:16)]
    [at Processor.process (turbopack:///[project]/node_modules/postcss/lib/processor.js:53:14)]
    [at transform (turbopack:///[turbopack-node]/transforms/postcss.ts:70:51)]
    [at run (turbopack:///[turbopack-node]/child_process/evaluate.ts:89:29)]
    [at run (turbopack:///[turbopack-node]/child_process/evaluate.ts:112:11)]

Import traces:
  Client Component Browser:
    ./app/(auth)/login/login.module.css [Client Component Browser]
    ./app/(auth)/login/page.tsx [Client Component Browser]
    ./app/(auth)/login/page.tsx [Server Component]

  Client Component SSR:
    ./app/(auth)/login/login.module.css [Client Component SSR]
    ./app/(auth)/login/page.tsx [Client Component SSR]
    ./app/(auth)/login/page.tsx [Server Component] 
    at processMessage (file://C:/Users/MSI Bravo/OneDrive/Documents/Enginex/.next/dev/static/chunks/node_modules_next_dist_client_0fhqo1d._.js:13914:33)
    at handleMessage (file://C:/Users/MSI Bravo/OneDrive/Documents/Enginex/.next/dev/static/chunks/node_modules_next_dist_client_0fhqo1d._.js:13358:52) (file://C:/Users/MSI Bravo/OneDrive/Documents/Enginex/.next/dev/static/chunks/node_modules_next_dist_client_0fhqo1d._.js:13914:33)
[browser] ./app/(auth)/login/login.module.css
Error evaluating Node.js code
CssSyntaxError: C:\Users\MSI Bravo\OneDrive\Documents\Enginex\app\(auth)\login\login.module.css:1:1: Unknown word ?
    [at Input.error (turbopack:///[project]/node_modules/postcss/lib/input.js:135:16)]
    [at Parser.unknownWord (turbopack:///[project]/node_modules/postcss/lib/parser.js:595:22)]
    [at Parser.other (turbopack:///[project]/node_modules/postcss/lib/parser.js:437:12)]
    [at Parser.parse (turbopack:///[project]/node_modules/postcss/lib/parser.js:472:16)]
    [at parser (turbopack:///[project]/node_modules/postcss/lib/parse.js:11:12)]
    [at new LazyResult (turbopack:///[project]/node_modules/postcss/lib/lazy-result.js:165:16)]
    [at Processor.process (turbopack:///[project]/node_modules/postcss/lib/processor.js:53:14)]
    [at transform (turbopack:///[turbopack-node]/transforms/postcss.ts:70:51)]
    [at run (turbopack:///[turbopack-node]/child_process/evaluate.ts:89:29)]
    [at run (turbopack:///[turbopack-node]/child_process/evaluate.ts:112:11)]

Import traces:
  Client Component Browser:
    ./app/(auth)/login/login.module.css [Client Component Browser]
    ./app/(auth)/login/page.tsx [Client Component Browser]
    ./app/(auth)/login/page.tsx [Server Component]

  Client Component SSR:
    ./app/(auth)/login/login.module.css [Client Component SSR]
    ./app/(auth)/login/page.tsx [Client Component SSR]
    ./app/(auth)/login/page.tsx [Server Component] 
    at processMessage (file://C:/Users/MSI Bravo/OneDrive/Documents/Enginex/.next/dev/static/chunks/node_modules_next_dist_client_0fhqo1d._.js:13914:33)
    at handleMessage (file://C:/Users/MSI Bravo/OneDrive/Documents/Enginex/.next/dev/static/chunks/node_modules_next_dist_client_0fhqo1d._.js:13358:52) (file://C:/Users/MSI Bravo/OneDrive/Documents/Enginex/.next/dev/static/chunks/node_modules_next_dist_client_0fhqo1d._.js:13914:33)
[browser] ./app/(auth)/login/login.module.css
Error evaluating Node.js code
CssSyntaxError: C:\Users\MSI Bravo\OneDrive\Documents\Enginex\app\(auth)\login\login.module.css:1:1: Unknown word ?
    [at Input.error (turbopack:///[project]/node_modules/postcss/lib/input.js:135:16)]
    [at Parser.unknownWord (turbopack:///[project]/node_modules/postcss/lib/parser.js:595:22)]
    [at Parser.other (turbopack:///[project]/node_modules/postcss/lib/parser.js:437:12)]
    [at Parser.parse (turbopack:///[project]/node_modules/postcss/lib/parser.js:472:16)]
    [at parser (turbopack:///[project]/node_modules/postcss/lib/parse.js:11:12)]
    [at new LazyResult (turbopack:///[project]/node_modules/postcss/lib/lazy-result.js:165:16)]
    [at Processor.process (turbopack:///[project]/node_modules/postcss/lib/processor.js:53:14)]
    [at transform (turbopack:///[turbopack-node]/transforms/postcss.ts:70:51)]
    [at run (turbopack:///[turbopack-node]/child_process/evaluate.ts:89:29)]
    [at run (turbopack:///[turbopack-node]/child_process/evaluate.ts:112:11)]

Import traces:
  Client Component Browser:
    ./app/(auth)/login/login.module.css [Client Component Browser]
    ./app/(auth)/login/page.tsx [Client Component Browser]
    ./app/(auth)/login/page.tsx [Server Component]

  Client Component SSR:
    ./app/(auth)/login/login.module.css [Client Component SSR]
    ./app/(auth)/login/page.tsx [Client Component SSR]
    ./app/(auth)/login/page.tsx [Server Component] 
    at processMessage (file://C:/Users/MSI Bravo/OneDrive/Documents/Enginex/.next/dev/static/chunks/node_modules_next_dist_client_0fhqo1d._.js:13914:33)
    at handleMessage (file://C:/Users/MSI Bravo/OneDrive/Documents/Enginex/.next/dev/static/chunks/node_modules_next_dist_client_0fhqo1d._.js:13358:52) (file://C:/Users/MSI Bravo/OneDrive/Documents/Enginex/.next/dev/static/chunks/node_modules_next_dist_client_0fhqo1d._.js:13914:33)
[browser] ./app/(auth)/login/login.module.css
Error evaluating Node.js code
CssSyntaxError: C:\Users\MSI Bravo\OneDrive\Documents\Enginex\app\(auth)\login\login.module.css:1:1: Unknown word ?
    [at Input.error (turbopack:///[project]/node_modules/postcss/lib/input.js:135:16)]
    [at Parser.unknownWord (turbopack:///[project]/node_modules/postcss/lib/parser.js:595:22)]
    [at Parser.other (turbopack:///[project]/node_modules/postcss/lib/parser.js:437:12)]
    [at Parser.parse (turbopack:///[project]/node_modules/postcss/lib/parser.js:472:16)]
    [at parser (turbopack:///[project]/node_modules/postcss/lib/parse.js:11:12)]
    [at new LazyResult (turbopack:///[project]/node_modules/postcss/lib/lazy-result.js:165:16)]
    [at Processor.process (turbopack:///[project]/node_modules/postcss/lib/processor.js:53:14)]
    [at transform (turbopack:///[turbopack-node]/transforms/postcss.ts:70:51)]
    [at run (turbopack:///[turbopack-node]/child_process/evaluate.ts:89:29)]
    [at run (turbopack:///[turbopack-node]/child_process/evaluate.ts:112:11)]

Import traces:
  Client Component Browser:
    ./app/(auth)/login/login.module.css [Client Component Browser]
    ./app/(auth)/login/page.tsx [Client Component Browser]
    ./app/(auth)/login/page.tsx [Server Component]

  Client Component SSR:
    ./app/(auth)/login/login.module.css [Client Component SSR]
    ./app/(auth)/login/page.tsx [Client Component SSR]
    ./app/(auth)/login/page.tsx [Server Component] 
    at processMessage (file://C:/Users/MSI Bravo/OneDrive/Documents/Enginex/.next/dev/static/chunks/node_modules_next_dist_client_0fhqo1d._.js:13914:33)
    at handleMessage (file://C:/Users/MSI Bravo/OneDrive/Documents/Enginex/.next/dev/static/chunks/node_modules_next_dist_client_0fhqo1d._.js:13358:52) (file://C:/Users/MSI Bravo/OneDrive/Documents/Enginex/.next/dev/static/chunks/node_modules_next_dist_client_0fhqo1d._.js:13914:33)
 GET /login 200 in 185ms (next.js: 96ms, application-code: 88ms)
✓ Compiled in 48ms
 GET /login 200 in 121ms (next.js: 88ms, application-code: 34ms)
 GET /login 200 in 23ms (next.js: 5ms, application-code: 19ms)
✓ Compiled in 37ms
 GET /login 200 in 118ms (next.js: 84ms, application-code: 33ms)
 GET /login 200 in 31ms (next.js: 5ms, application-code: 25ms)
✓ Compiled in 66ms
⨯ ./app/(auth)/login/page.tsx:7:1
Export Logo doesn't exist in target module
  [90m 5 |[0m [36mimport[0m [36mtype[0m { [33mFormEvent[0m } [36mfrom[0m [32m"react"[0m;
  [90m 6 |[0m [36mimport[0m styles [36mfrom[0m [32m"./login.module.css"[0m;
[31m[1m>[0m [90m 7 |[0m [36mimport[0m { [33mIcon[0m, [33mLogo[0m } [36mfrom[0m [32m"./visuals"[0m;
  [90m   |[0m [31m[1m^^^^^^^^^^^^^^^^^^^^^^^^^^^^^^^^^^^^^^^[0m
  [90m 8 |[0m
  [90m 9 |[0m [36mexport[0m [36mdefault[0m [36mfunction[0m [33mLoginPage[0m() {
  [90m10 |[0m   [36mconst[0m [showPassword, setShowPassword] = useState([36mfalse[0m);

The export Logo was not found in module [project]/app/(auth)/login/visuals.tsx [app-client] (ecmascript).
Did you mean to import Icon?
All exports of the module are statically known (It doesn't have dynamic exports). So it's known statically that the requested export doesn't exist.

Import traces:
  Client Component Browser:
    ./app/(auth)/login/page.tsx [Client Component Browser]
    ./app/(auth)/login/page.tsx [Server Component]

  Client Component SSR:
    ./app/(auth)/login/page.tsx [Client Component SSR]
    ./app/(auth)/login/page.tsx [Server Component]



./app/(auth)/login/page.tsx:7:1
Export Logo doesn't exist in target module
  [90m 5 |[0m [36mimport[0m [36mtype[0m { [33mFormEvent[0m } [36mfrom[0m [32m"react"[0m;
  [90m 6 |[0m [36mimport[0m styles [36mfrom[0m [32m"./login.module.css"[0m;
[31m[1m>[0m [90m 7 |[0m [36mimport[0m { [33mIcon[0m, [33mLogo[0m } [36mfrom[0m [32m"./visuals"[0m;
  [90m   |[0m [31m[1m^^^^^^^^^^^^^^^^^^^^^^^^^^^^^^^^^^^^^^^[0m
  [90m 8 |[0m
  [90m 9 |[0m [36mexport[0m [36mdefault[0m [36mfunction[0m [33mLoginPage[0m() {
  [90m10 |[0m   [36mconst[0m [showPassword, setShowPassword] = useState([36mfalse[0m);

The export Logo was not found in module [project]/app/(auth)/login/visuals.tsx [app-ssr] (ecmascript).
Did you mean to import Icon?
All exports of the module are statically known (It doesn't have dynamic exports). So it's known statically that the requested export doesn't exist.

Import traces:
  Client Component Browser:
    ./app/(auth)/login/page.tsx [Client Component Browser]
    ./app/(auth)/login/page.tsx [Server Component]

  Client Component SSR:
    ./app/(auth)/login/page.tsx [Client Component SSR]
    ./app/(auth)/login/page.tsx [Server Component]


 GET /login 500 in 53ms (next.js: 40ms, application-code: 12ms)
⨯ ./app/(auth)/login/page.tsx:7:1
Export Logo doesn't exist in target module
  [90m 5 |[0m [36mimport[0m [36mtype[0m { [33mFormEvent[0m } [36mfrom[0m [32m"react"[0m;
  [90m 6 |[0m [36mimport[0m styles [36mfrom[0m [32m"./login.module.css"[0m;
[31m[1m>[0m [90m 7 |[0m [36mimport[0m { [33mIcon[0m, [33mLogo[0m } [36mfrom[0m [32m"./visuals"[0m;
  [90m   |[0m [31m[1m^^^^^^^^^^^^^^^^^^^^^^^^^^^^^^^^^^^^^^^[0m
  [90m 8 |[0m
  [90m 9 |[0m [36mexport[0m [36mdefault[0m [36mfunction[0m [33mLoginPage[0m() {
  [90m10 |[0m   [36mconst[0m [showPassword, setShowPassword] = useState([36mfalse[0m);

The export Logo was not found in module [project]/app/(auth)/login/visuals.tsx [app-client] (ecmascript).
Did you mean to import Icon?
All exports of the module are statically known (It doesn't have dynamic exports). So it's known statically that the requested export doesn't exist.

Import traces:
  Client Component Browser:
    ./app/(auth)/login/page.tsx [Client Component Browser]
    ./app/(auth)/login/page.tsx [Server Component]

  Client Component SSR:
    ./app/(auth)/login/page.tsx [Client Component SSR]
    ./app/(auth)/login/page.tsx [Server Component]



./app/(auth)/login/page.tsx:7:1
Export Logo doesn't exist in target module
  [90m 5 |[0m [36mimport[0m [36mtype[0m { [33mFormEvent[0m } [36mfrom[0m [32m"react"[0m;
  [90m 6 |[0m [36mimport[0m styles [36mfrom[0m [32m"./login.module.css"[0m;
[31m[1m>[0m [90m 7 |[0m [36mimport[0m { [33mIcon[0m, [33mLogo[0m } [36mfrom[0m [32m"./visuals"[0m;
  [90m   |[0m [31m[1m^^^^^^^^^^^^^^^^^^^^^^^^^^^^^^^^^^^^^^^[0m
  [90m 8 |[0m
  [90m 9 |[0m [36mexport[0m [36mdefault[0m [36mfunction[0m [33mLoginPage[0m() {
  [90m10 |[0m   [36mconst[0m [showPassword, setShowPassword] = useState([36mfalse[0m);

The export Logo was not found in module [project]/app/(auth)/login/visuals.tsx [app-ssr] (ecmascript).
Did you mean to import Icon?
All exports of the module are statically known (It doesn't have dynamic exports). So it's known statically that the requested export doesn't exist.

Import traces:
  Client Component Browser:
    ./app/(auth)/login/page.tsx [Client Component Browser]
    ./app/(auth)/login/page.tsx [Server Component]

  Client Component SSR:
    ./app/(auth)/login/page.tsx [Client Component SSR]
    ./app/(auth)/login/page.tsx [Server Component]


⨯ ./app/(auth)/login/page.tsx:7:1
Export Logo doesn't exist in target module
  [90m 5 |[0m [36mimport[0m [36mtype[0m { [33mFormEvent[0m } [36mfrom[0m [32m"react"[0m;
  [90m 6 |[0m [36mimport[0m styles [36mfrom[0m [32m"./login.module.css"[0m;
[31m[1m>[0m [90m 7 |[0m [36mimport[0m { [33mIcon[0m, [33mLogo[0m } [36mfrom[0m [32m"./visuals"[0m;
  [90m   |[0m [31m[1m^^^^^^^^^^^^^^^^^^^^^^^^^^^^^^^^^^^^^^^[0m
  [90m 8 |[0m
  [90m 9 |[0m [36mexport[0m [36mdefault[0m [36mfunction[0m [33mLoginPage[0m() {
  [90m10 |[0m   [36mconst[0m [showPassword, setShowPassword] = useState([36mfalse[0m);

The export Logo was not found in module [project]/app/(auth)/login/visuals.tsx [app-client] (ecmascript).
Did you mean to import Icon?
All exports of the module are statically known (It doesn't have dynamic exports). So it's known statically that the requested export doesn't exist.

Import traces:
  Client Component Browser:
    ./app/(auth)/login/page.tsx [Client Component Browser]
    ./app/(auth)/login/page.tsx [Server Component]

  Client Component SSR:
    ./app/(auth)/login/page.tsx [Client Component SSR]
    ./app/(auth)/login/page.tsx [Server Component]



./app/(auth)/login/page.tsx:7:1
Export Logo doesn't exist in target module
  [90m 5 |[0m [36mimport[0m [36mtype[0m { [33mFormEvent[0m } [36mfrom[0m [32m"react"[0m;
  [90m 6 |[0m [36mimport[0m styles [36mfrom[0m [32m"./login.module.css"[0m;
[31m[1m>[0m [90m 7 |[0m [36mimport[0m { [33mIcon[0m, [33mLogo[0m } [36mfrom[0m [32m"./visuals"[0m;
  [90m   |[0m [31m[1m^^^^^^^^^^^^^^^^^^^^^^^^^^^^^^^^^^^^^^^[0m
  [90m 8 |[0m
  [90m 9 |[0m [36mexport[0m [36mdefault[0m [36mfunction[0m [33mLoginPage[0m() {
  [90m10 |[0m   [36mconst[0m [showPassword, setShowPassword] = useState([36mfalse[0m);

The export Logo was not found in module [project]/app/(auth)/login/visuals.tsx [app-ssr] (ecmascript).
Did you mean to import Icon?
All exports of the module are statically known (It doesn't have dynamic exports). So it's known statically that the requested export doesn't exist.

Import traces:
  Client Component Browser:
    ./app/(auth)/login/page.tsx [Client Component Browser]
    ./app/(auth)/login/page.tsx [Server Component]

  Client Component SSR:
    ./app/(auth)/login/page.tsx [Client Component SSR]
    ./app/(auth)/login/page.tsx [Server Component]


⨯ ./app/(auth)/login/page.tsx:7:1
Export Logo doesn't exist in target module
  [90m 5 |[0m [36mimport[0m [36mtype[0m { [33mFormEvent[0m } [36mfrom[0m [32m"react"[0m;
  [90m 6 |[0m [36mimport[0m styles [36mfrom[0m [32m"./login.module.css"[0m;
[31m[1m>[0m [90m 7 |[0m [36mimport[0m { [33mIcon[0m, [33mLogo[0m } [36mfrom[0m [32m"./visuals"[0m;
  [90m   |[0m [31m[1m^^^^^^^^^^^^^^^^^^^^^^^^^^^^^^^^^^^^^^^[0m
  [90m 8 |[0m
  [90m 9 |[0m [36mexport[0m [36mdefault[0m [36mfunction[0m [33mLoginPage[0m() {
  [90m10 |[0m   [36mconst[0m [showPassword, setShowPassword] = useState([36mfalse[0m);

The export Logo was not found in module [project]/app/(auth)/login/visuals.tsx [app-client] (ecmascript).
Did you mean to import Icon?
All exports of the module are statically known (It doesn't have dynamic exports). So it's known statically that the requested export doesn't exist.

Import traces:
  Client Component Browser:
    ./app/(auth)/login/page.tsx [Client Component Browser]
    ./app/(auth)/login/page.tsx [Server Component]

  Client Component SSR:
    ./app/(auth)/login/page.tsx [Client Component SSR]
    ./app/(auth)/login/page.tsx [Server Component]



./app/(auth)/login/page.tsx:7:1
Export Logo doesn't exist in target module
  [90m 5 |[0m [36mimport[0m [36mtype[0m { [33mFormEvent[0m } [36mfrom[0m [32m"react"[0m;
  [90m 6 |[0m [36mimport[0m styles [36mfrom[0m [32m"./login.module.css"[0m;
[31m[1m>[0m [90m 7 |[0m [36mimport[0m { [33mIcon[0m, [33mLogo[0m } [36mfrom[0m [32m"./visuals"[0m;
  [90m   |[0m [31m[1m^^^^^^^^^^^^^^^^^^^^^^^^^^^^^^^^^^^^^^^[0m
  [90m 8 |[0m
  [90m 9 |[0m [36mexport[0m [36mdefault[0m [36mfunction[0m [33mLoginPage[0m() {
  [90m10 |[0m   [36mconst[0m [showPassword, setShowPassword] = useState([36mfalse[0m);

The export Logo was not found in module [project]/app/(auth)/login/visuals.tsx [app-ssr] (ecmascript).
Did you mean to import Icon?
All exports of the module are statically known (It doesn't have dynamic exports). So it's known statically that the requested export doesn't exist.

Import traces:
  Client Component Browser:
    ./app/(auth)/login/page.tsx [Client Component Browser]
    ./app/(auth)/login/page.tsx [Server Component]

  Client Component SSR:
    ./app/(auth)/login/page.tsx [Client Component SSR]
    ./app/(auth)/login/page.tsx [Server Component]


 GET /login 500 in 20ms (next.js: 10ms, application-code: 10ms)
[browser] Uncaught Error: ./app/(auth)/login/page.tsx:7:1
Export Logo doesn't exist in target module
   5 | import type { FormEvent } from "react";
   6 | import styles from "./login.module.css";
>  7 | import { Icon, Logo } from "./visuals";
     | ^^^^^^^^^^^^^^^^^^^^^^^^^^^^^^^^^^^^^^^
   8 |
   9 | export default function LoginPage() {
  10 |   const [showPassword, setShowPassword] = useState(false);

The export Logo was not found in module [project]/app/(auth)/login/visuals.tsx [app-client] (ecmascript).
Did you mean to import Icon?
All exports of the module are statically known (It doesn't have dynamic exports). So it's known statically that the requested export doesn't exist.

Import traces:
  Client Component Browser:
    ./app/(auth)/login/page.tsx [Client Component Browser]
    ./app/(auth)/login/page.tsx [Server Component]

  Client Component SSR:
    ./app/(auth)/login/page.tsx [Client Component SSR]
    ./app/(auth)/login/page.tsx [Server Component]


    at <unknown> (Error: ./app/(auth)/login/page.tsx:7:1)
    at <unknown> (Error: (./app/(auth)/login/page.tsx:7:1)
[browser] ./app/(auth)/login/page.tsx:7:1
Export Logo doesn't exist in target module
   5 | import type { FormEvent } from "react";
   6 | import styles from "./login.module.css";
>  7 | import { Icon, Logo } from "./visuals";
     | ^^^^^^^^^^^^^^^^^^^^^^^^^^^^^^^^^^^^^^^
   8 |
   9 | export default function LoginPage() {
  10 |   const [showPassword, setShowPassword] = useState(false);

The export Logo was not found in module [project]/app/(auth)/login/visuals.tsx [app-client] (ecmascript).
Did you mean to import Icon?
All exports of the module are statically known (It doesn't have dynamic exports). So it's known statically that the requested export doesn't exist.

Import traces:
  Client Component Browser:
    ./app/(auth)/login/page.tsx [Client Component Browser]
    ./app/(auth)/login/page.tsx [Server Component]

  Client Component SSR:
    ./app/(auth)/login/page.tsx [Client Component SSR]
    ./app/(auth)/login/page.tsx [Server Component] 
    at processMessage (file://C:/Users/MSI Bravo/OneDrive/Documents/Enginex/.next/dev/static/chunks/node_modules_next_dist_client_0pe1dg-._.js:2835:28)
    at connect/< (file://C:/Users/MSI Bravo/OneDrive/Documents/Enginex/.next/dev/static/chunks/node_modules_next_dist_client_0pe1dg-._.js:2680:27)
    at handleMessage (file://C:/Users/MSI Bravo/OneDrive/Documents/Enginex/.next/dev/static/chunks/node_modules_next_dist_client_0pe1dg-._.js:2325:32) (file://C:/Users/MSI Bravo/OneDrive/Documents/Enginex/.next/dev/static/chunks/node_modules_next_dist_client_0pe1dg-._.js:2835:28)
[browser] ./app/(auth)/login/page.tsx:7:1
Export Logo doesn't exist in target module
   5 | import type { FormEvent } from "react";
   6 | import styles from "./login.module.css";
>  7 | import { Icon, Logo } from "./visuals";
     | ^^^^^^^^^^^^^^^^^^^^^^^^^^^^^^^^^^^^^^^
   8 |
   9 | export default function LoginPage() {
  10 |   const [showPassword, setShowPassword] = useState(false);

The export Logo was not found in module [project]/app/(auth)/login/visuals.tsx [app-ssr] (ecmascript).
Did you mean to import Icon?
All exports of the module are statically known (It doesn't have dynamic exports). So it's known statically that the requested export doesn't exist.

Import traces:
  Client Component Browser:
    ./app/(auth)/login/page.tsx [Client Component Browser]
    ./app/(auth)/login/page.tsx [Server Component]

  Client Component SSR:
    ./app/(auth)/login/page.tsx [Client Component SSR]
    ./app/(auth)/login/page.tsx [Server Component] 
    at processMessage (file://C:/Users/MSI Bravo/OneDrive/Documents/Enginex/.next/dev/static/chunks/node_modules_next_dist_client_0pe1dg-._.js:2835:28)
    at connect/< (file://C:/Users/MSI Bravo/OneDrive/Documents/Enginex/.next/dev/static/chunks/node_modules_next_dist_client_0pe1dg-._.js:2680:27)
    at handleMessage (file://C:/Users/MSI Bravo/OneDrive/Documents/Enginex/.next/dev/static/chunks/node_modules_next_dist_client_0pe1dg-._.js:2325:32) (file://C:/Users/MSI Bravo/OneDrive/Documents/Enginex/.next/dev/static/chunks/node_modules_next_dist_client_0pe1dg-._.js:2835:28)
[browser] ./app/(auth)/login/page.tsx:7:1
Export Logo doesn't exist in target module
   5 | import type { FormEvent } from "react";
   6 | import styles from "./login.module.css";
>  7 | import { Icon, Logo } from "./visuals";
     | ^^^^^^^^^^^^^^^^^^^^^^^^^^^^^^^^^^^^^^^
   8 |
   9 | export default function LoginPage() {
  10 |   const [showPassword, setShowPassword] = useState(false);

The export Logo was not found in module [project]/app/(auth)/login/visuals.tsx [app-client] (ecmascript).
Did you mean to import Icon?
All exports of the module are statically known (It doesn't have dynamic exports). So it's known statically that the requested export doesn't exist.

Import traces:
  Client Component Browser:
    ./app/(auth)/login/page.tsx [Client Component Browser]
    ./app/(auth)/login/page.tsx [Server Component]

  Client Component SSR:
    ./app/(auth)/login/page.tsx [Client Component SSR]
    ./app/(auth)/login/page.tsx [Server Component] 
    at processMessage (file://C:/Users/MSI Bravo/OneDrive/Documents/Enginex/.next/dev/static/chunks/node_modules_next_dist_client_0pe1dg-._.js:2835:28)
    at connect/< (file://C:/Users/MSI Bravo/OneDrive/Documents/Enginex/.next/dev/static/chunks/node_modules_next_dist_client_0pe1dg-._.js:2680:27)
    at handleMessage (file://C:/Users/MSI Bravo/OneDrive/Documents/Enginex/.next/dev/static/chunks/node_modules_next_dist_client_0pe1dg-._.js:2325:32) (file://C:/Users/MSI Bravo/OneDrive/Documents/Enginex/.next/dev/static/chunks/node_modules_next_dist_client_0pe1dg-._.js:2835:28)
[browser] ./app/(auth)/login/page.tsx:7:1
Export Logo doesn't exist in target module
   5 | import type { FormEvent } from "react";
   6 | import styles from "./login.module.css";
>  7 | import { Icon, Logo } from "./visuals";
     | ^^^^^^^^^^^^^^^^^^^^^^^^^^^^^^^^^^^^^^^
   8 |
   9 | export default function LoginPage() {
  10 |   const [showPassword, setShowPassword] = useState(false);

The export Logo was not found in module [project]/app/(auth)/login/visuals.tsx [app-ssr] (ecmascript).
Did you mean to import Icon?
All exports of the module are statically known (It doesn't have dynamic exports). So it's known statically that the requested export doesn't exist.

Import traces:
  Client Component Browser:
    ./app/(auth)/login/page.tsx [Client Component Browser]
    ./app/(auth)/login/page.tsx [Server Component]

  Client Component SSR:
    ./app/(auth)/login/page.tsx [Client Component SSR]
    ./app/(auth)/login/page.tsx [Server Component] 
    at processMessage (file://C:/Users/MSI Bravo/OneDrive/Documents/Enginex/.next/dev/static/chunks/node_modules_next_dist_client_0pe1dg-._.js:2835:28)
    at connect/< (file://C:/Users/MSI Bravo/OneDrive/Documents/Enginex/.next/dev/static/chunks/node_modules_next_dist_client_0pe1dg-._.js:2680:27)
    at handleMessage (file://C:/Users/MSI Bravo/OneDrive/Documents/Enginex/.next/dev/static/chunks/node_modules_next_dist_client_0pe1dg-._.js:2325:32) (file://C:/Users/MSI Bravo/OneDrive/Documents/Enginex/.next/dev/static/chunks/node_modules_next_dist_client_0pe1dg-._.js:2835:28)
[browser] ./app/(auth)/login/page.tsx:7:1
Export Logo doesn't exist in target module
   5 | import type { FormEvent } from "react";
   6 | import styles from "./login.module.css";
>  7 | import { Icon, Logo } from "./visuals";
     | ^^^^^^^^^^^^^^^^^^^^^^^^^^^^^^^^^^^^^^^
   8 |
   9 | export default function LoginPage() {
  10 |   const [showPassword, setShowPassword] = useState(false);

The export Logo was not found in module [project]/app/(auth)/login/visuals.tsx [app-client] (ecmascript).
Did you mean to import Icon?
All exports of the module are statically known (It doesn't have dynamic exports). So it's known statically that the requested export doesn't exist.

Import traces:
  Client Component Browser:
    ./app/(auth)/login/page.tsx [Client Component Browser]
    ./app/(auth)/login/page.tsx [Server Component]

  Client Component SSR:
    ./app/(auth)/login/page.tsx [Client Component SSR]
    ./app/(auth)/login/page.tsx [Server Component] 
    at processMessage (file://C:/Users/MSI Bravo/OneDrive/Documents/Enginex/.next/dev/static/chunks/node_modules_next_dist_client_0pe1dg-._.js:2835:28)
    at connect/< (file://C:/Users/MSI Bravo/OneDrive/Documents/Enginex/.next/dev/static/chunks/node_modules_next_dist_client_0pe1dg-._.js:2680:27)
    at handleMessage (file://C:/Users/MSI Bravo/OneDrive/Documents/Enginex/.next/dev/static/chunks/node_modules_next_dist_client_0pe1dg-._.js:2325:32) (file://C:/Users/MSI Bravo/OneDrive/Documents/Enginex/.next/dev/static/chunks/node_modules_next_dist_client_0pe1dg-._.js:2835:28)
[browser] ./app/(auth)/login/page.tsx:7:1
Export Logo doesn't exist in target module
   5 | import type { FormEvent } from "react";
   6 | import styles from "./login.module.css";
>  7 | import { Icon, Logo } from "./visuals";
     | ^^^^^^^^^^^^^^^^^^^^^^^^^^^^^^^^^^^^^^^
   8 |
   9 | export default function LoginPage() {
  10 |   const [showPassword, setShowPassword] = useState(false);

The export Logo was not found in module [project]/app/(auth)/login/visuals.tsx [app-ssr] (ecmascript).
Did you mean to import Icon?
All exports of the module are statically known (It doesn't have dynamic exports). So it's known statically that the requested export doesn't exist.

Import traces:
  Client Component Browser:
    ./app/(auth)/login/page.tsx [Client Component Browser]
    ./app/(auth)/login/page.tsx [Server Component]

  Client Component SSR:
    ./app/(auth)/login/page.tsx [Client Component SSR]
    ./app/(auth)/login/page.tsx [Server Component] 
    at processMessage (file://C:/Users/MSI Bravo/OneDrive/Documents/Enginex/.next/dev/static/chunks/node_modules_next_dist_client_0pe1dg-._.js:2835:28)
    at connect/< (file://C:/Users/MSI Bravo/OneDrive/Documents/Enginex/.next/dev/static/chunks/node_modules_next_dist_client_0pe1dg-._.js:2680:27)
    at handleMessage (file://C:/Users/MSI Bravo/OneDrive/Documents/Enginex/.next/dev/static/chunks/node_modules_next_dist_client_0pe1dg-._.js:2325:32) (file://C:/Users/MSI Bravo/OneDrive/Documents/Enginex/.next/dev/static/chunks/node_modules_next_dist_client_0pe1dg-._.js:2835:28)
✓ Compiled in 49ms
 GET /login 200 in 171ms (next.js: 85ms, application-code: 86ms)
 GET / 200 in 122ms (next.js: 23ms, application-code: 99ms)
 GET / 200 in 49ms (next.js: 5ms, application-code: 45ms)
 GET / 200 in 49ms (next.js: 5ms, application-code: 44ms)
 GET /login 200 in 32ms (next.js: 6ms, application-code: 26ms)
✓ Compiled in 43ms
✓ Compiled in 36ms
✓ Compiled in 38ms
 GET /login 200 in 40ms (next.js: 4ms, application-code: 36ms)
 GET /login 200 in 42ms (next.js: 5ms, application-code: 37ms)
 GET /login 200 in 43ms (next.js: 4ms, application-code: 38ms)
 GET /login 200 in 60ms (next.js: 5ms, application-code: 56ms)
 GET /client/dashbpard 404 in 86ms (next.js: 48ms, application-code: 37ms)
 GET /client/dashboard 200 in 232ms (next.js: 53ms, application-code: 179ms)
✓ Compiled in 120ms
 GET /client/dashboard 200 in 66ms (next.js: 5ms, application-code: 62ms)
✓ Compiled in 77ms
 GET /client/dashboard 200 in 164ms (next.js: 105ms, application-code: 59ms)
 GET /client/dashboard 200 in 38ms (next.js: 5ms, application-code: 33ms)
 GET /client/dashboard 200 in 105ms (next.js: 4ms, application-code: 101ms)
 GET /login 200 in 73ms (next.js: 18ms, application-code: 54ms)
 GET /client/dashboard 200 in 67ms (next.js: 5ms, application-code: 62ms)
[browser] Image with src "/enginex-logo.png" was detected as the Largest Contentful Paint (LCP). Please add the `loading="eager"` property if this image is above the fold.
Read more: https://nextjs.org/docs/app/api-reference/components/image#loading (file://C:/Users/MSI Bravo/OneDrive/Documents/Enginex/.next/dev/static/chunks/node_modules_next_dist_115brz8._.js:1340:21)
✓ Compiled in 2.9s
 GET /client/dashboard 200 in 132ms (next.js: 89ms, application-code: 42ms)
 GET /client/dashboard 200 in 121ms (next.js: 5ms, application-code: 115ms)
 GET /client/dashboard 200 in 62ms (next.js: 5ms, application-code: 57ms)
 GET /login 200 in 62ms (next.js: 13ms, application-code: 49ms)
[browser] Image with src "/enginex-logo.png" was detected as the Largest Contentful Paint (LCP). Please add the `loading="eager"` property if this image is above the fold.
Read more: https://nextjs.org/docs/app/api-reference/components/image#loading (file://C:/Users/MSI Bravo/OneDrive/Documents/Enginex/.next/dev/static/chunks/node_modules_next_dist_115brz8._.js:1340:21)
 GET /client/dashboard 200 in 106ms (next.js: 6ms, application-code: 101ms)
 GET /client/dashboard 200 in 68ms (next.js: 4ms, application-code: 64ms)
[browser] Image with src "/enginex-logo.png" was detected as the Largest Contentful Paint (LCP). Please add the `loading="eager"` property if this image is above the fold.
Read more: https://nextjs.org/docs/app/api-reference/components/image#loading (file://C:/Users/MSI Bravo/OneDrive/Documents/Enginex/.next/dev/static/chunks/node_modules_next_dist_115brz8._.js:1340:21)
 GET /client/dashboard 200 in 111ms (next.js: 5ms, application-code: 106ms)
 GET /client/dashboard 200 in 91ms (next.js: 5ms, application-code: 86ms)
 GET /client/dashboard 200 in 110ms (next.js: 5ms, application-code: 105ms)
 GET /client/dashboard 200 in 115ms (next.js: 5ms, application-code: 110ms)
 GET /client/dashboard 200 in 119ms (next.js: 5ms, application-code: 114ms)
[browser] ⨯ unhandledRejection: ChunkLoadError: Failed to load chunk /_next/static/chunks/%5Bturbopack%5D_browser_dev_hmr-client_hmr-client_ts_0yjw1oe._.js from module [turbopack]/browser/dev/hmr-client/hmr-client.ts [app-client] (ecmascript, async loader)
 GET /client/marketplace 200 in 112ms (next.js: 49ms, application-code: 63ms)
 GET /client/favorites 404 in 42ms (next.js: 24ms, application-code: 17ms)
 GET /client/favorites 404 in 49ms (next.js: 8ms, application-code: 41ms)
 GET /client/dashboard 200 in 112ms (next.js: 5ms, application-code: 107ms)
✓ Compiled in 31ms
 GET /client/dashboard 200 in 156ms (next.js: 104ms, application-code: 52ms)
 GET /client/dashboard 200 in 51ms (next.js: 5ms, application-code: 46ms)
 GET /client/dashboard 200 in 35ms (next.js: 5ms, application-code: 31ms)
✓ Compiled in 68ms
 GET /client/dashboard 200 in 154ms (next.js: 101ms, application-code: 54ms)
✓ Compiled in 37ms
 GET /client/dashboard 200 in 150ms (next.js: 95ms, application-code: 54ms)
 GET /client/dashboard 200 in 131ms (next.js: 5ms, application-code: 126ms)
[browser] Image with src "/profile.avif" has "fill" but is missing "sizes" prop. Please add it to improve page performance. Read more: https://nextjs.org/docs/api-reference/next/image#sizes (file://C:/Users/MSI Bravo/OneDrive/Documents/Enginex/.next/dev/static/chunks/node_modules_next_dist_115brz8._.js:1340:21)
 GET /client/dashboard 200 in 96ms (next.js: 5ms, application-code: 91ms)
 GET /client/dashboard 200 in 104ms (next.js: 6ms, application-code: 98ms)
[browser] Image with src "/profile.avif" has "fill" but is missing "sizes" prop. Please add it to improve page performance. Read more: https://nextjs.org/docs/api-reference/next/image#sizes (file://C:/Users/MSI Bravo/OneDrive/Documents/Enginex/.next/dev/static/chunks/node_modules_next_dist_115brz8._.js:1340:21)
 GET /client/marketplace/pai-min-thway-2 404 in 45ms (next.js: 22ms, application-code: 23ms)
 GET /client/marketplace/pai-min-thway-2 404 in 39ms (next.js: 7ms, application-code: 32ms)
 GET /client/dashboard/requests/REQ-3892 404 in 42ms (next.js: 8ms, application-code: 34ms)
✓ Compiled in 53ms
[browser] Uncaught Error: Internal Next.js error: Router action dispatched before initialization.
    at dispatchAppRouterAction (file://C:/Users/MSI Bravo/OneDrive/Documents/Enginex/.next/dev/static/chunks/node_modules_next_dist_client_0fhqo1d._.js:916:37)
    at hmrRefresh/< (file://C:/Users/MSI Bravo/OneDrive/Documents/Enginex/.next/dev/static/chunks/node_modules_next_dist_client_0fhqo1d._.js:11823:61)
    at startTransition (file://C:/Users/MSI Bravo/OneDrive/Documents/Enginex/.next/dev/static/chunks/node_modules_next_dist_compiled_0rpq4pf._.js:1279:31)
    at hmrRefresh (file://C:/Users/MSI Bravo/OneDrive/Documents/Enginex/.next/dev/static/chunks/node_modules_next_dist_client_0fhqo1d._.js:11822:40)
    at processMessage/< (file://C:/Users/MSI Bravo/OneDrive/Documents/Enginex/.next/dev/static/chunks/node_modules_next_dist_client_0fhqo1d._.js:13990:64)
    at startTransition (file://C:/Users/MSI Bravo/OneDrive/Documents/Enginex/.next/dev/static/chunks/node_modules_next_dist_compiled_0rpq4pf._.js:1279:31)
    at processMessage (file://C:/Users/MSI Bravo/OneDrive/Documents/Enginex/.next/dev/static/chunks/node_modules_next_dist_client_0fhqo1d._.js:13989:44)
    at handleMessage (file://C:/Users/MSI Bravo/OneDrive/Documents/Enginex/.next/dev/static/chunks/node_modules_next_dist_client_0fhqo1d._.js:13358:52)
[browser] Uncaught Error: Internal Next.js error: Router action dispatched before initialization.
    at dispatchAppRouterAction (file://C:/Users/MSI Bravo/OneDrive/Documents/Enginex/.next/dev/static/chunks/node_modules_next_dist_client_0fhqo1d._.js:916:37)
    at hmrRefresh/< (file://C:/Users/MSI Bravo/OneDrive/Documents/Enginex/.next/dev/static/chunks/node_modules_next_dist_client_0fhqo1d._.js:11823:61)
    at startTransition (file://C:/Users/MSI Bravo/OneDrive/Documents/Enginex/.next/dev/static/chunks/node_modules_next_dist_compiled_0rpq4pf._.js:1279:31)
    at hmrRefresh (file://C:/Users/MSI Bravo/OneDrive/Documents/Enginex/.next/dev/static/chunks/node_modules_next_dist_client_0fhqo1d._.js:11822:40)
    at processMessage/< (file://C:/Users/MSI Bravo/OneDrive/Documents/Enginex/.next/dev/static/chunks/node_modules_next_dist_client_0fhqo1d._.js:13990:64)
    at startTransition (file://C:/Users/MSI Bravo/OneDrive/Documents/Enginex/.next/dev/static/chunks/node_modules_next_dist_compiled_0rpq4pf._.js:1279:31)
    at processMessage (file://C:/Users/MSI Bravo/OneDrive/Documents/Enginex/.next/dev/static/chunks/node_modules_next_dist_client_0fhqo1d._.js:13989:44)
    at handleMessage (file://C:/Users/MSI Bravo/OneDrive/Documents/Enginex/.next/dev/static/chunks/node_modules_next_dist_client_0fhqo1d._.js:13358:52)
✓ Compiled in 40ms
[browser] Uncaught Error: Internal Next.js error: Router action dispatched before initialization.
    at dispatchAppRouterAction (file://C:/Users/MSI Bravo/OneDrive/Documents/Enginex/.next/dev/static/chunks/node_modules_next_dist_client_0fhqo1d._.js:916:37)
    at hmrRefresh/< (file://C:/Users/MSI Bravo/OneDrive/Documents/Enginex/.next/dev/static/chunks/node_modules_next_dist_client_0fhqo1d._.js:11823:61)
    at startTransition (file://C:/Users/MSI Bravo/OneDrive/Documents/Enginex/.next/dev/static/chunks/node_modules_next_dist_compiled_0rpq4pf._.js:1279:31)
    at hmrRefresh (file://C:/Users/MSI Bravo/OneDrive/Documents/Enginex/.next/dev/static/chunks/node_modules_next_dist_client_0fhqo1d._.js:11822:40)
    at processMessage/< (file://C:/Users/MSI Bravo/OneDrive/Documents/Enginex/.next/dev/static/chunks/node_modules_next_dist_client_0fhqo1d._.js:13990:64)
    at startTransition (file://C:/Users/MSI Bravo/OneDrive/Documents/Enginex/.next/dev/static/chunks/node_modules_next_dist_compiled_0rpq4pf._.js:1279:31)
    at processMessage (file://C:/Users/MSI Bravo/OneDrive/Documents/Enginex/.next/dev/static/chunks/node_modules_next_dist_client_0fhqo1d._.js:13989:44)
    at handleMessage (file://C:/Users/MSI Bravo/OneDrive/Documents/Enginex/.next/dev/static/chunks/node_modules_next_dist_client_0fhqo1d._.js:13358:52)
[browser] Uncaught Error: Internal Next.js error: Router action dispatched before initialization.
    at dispatchAppRouterAction (file://C:/Users/MSI Bravo/OneDrive/Documents/Enginex/.next/dev/static/chunks/node_modules_next_dist_client_0fhqo1d._.js:916:37)
    at hmrRefresh/< (file://C:/Users/MSI Bravo/OneDrive/Documents/Enginex/.next/dev/static/chunks/node_modules_next_dist_client_0fhqo1d._.js:11823:61)
    at startTransition (file://C:/Users/MSI Bravo/OneDrive/Documents/Enginex/.next/dev/static/chunks/node_modules_next_dist_compiled_0rpq4pf._.js:1279:31)
    at hmrRefresh (file://C:/Users/MSI Bravo/OneDrive/Documents/Enginex/.next/dev/static/chunks/node_modules_next_dist_client_0fhqo1d._.js:11822:40)
    at processMessage/< (file://C:/Users/MSI Bravo/OneDrive/Documents/Enginex/.next/dev/static/chunks/node_modules_next_dist_client_0fhqo1d._.js:13990:64)
    at startTransition (file://C:/Users/MSI Bravo/OneDrive/Documents/Enginex/.next/dev/static/chunks/node_modules_next_dist_compiled_0rpq4pf._.js:1279:31)
    at processMessage (file://C:/Users/MSI Bravo/OneDrive/Documents/Enginex/.next/dev/static/chunks/node_modules_next_dist_client_0fhqo1d._.js:13989:44)
    at handleMessage (file://C:/Users/MSI Bravo/OneDrive/Documents/Enginex/.next/dev/static/chunks/node_modules_next_dist_client_0fhqo1d._.js:13358:52)
✓ Compiled in 39ms
[browser] Uncaught Error: Internal Next.js error: Router action dispatched before initialization.
    at dispatchAppRouterAction (file://C:/Users/MSI Bravo/OneDrive/Documents/Enginex/.next/dev/static/chunks/node_modules_next_dist_client_0fhqo1d._.js:916:37)
    at hmrRefresh/< (file://C:/Users/MSI Bravo/OneDrive/Documents/Enginex/.next/dev/static/chunks/node_modules_next_dist_client_0fhqo1d._.js:11823:61)
    at startTransition (file://C:/Users/MSI Bravo/OneDrive/Documents/Enginex/.next/dev/static/chunks/node_modules_next_dist_compiled_0rpq4pf._.js:1279:31)
    at hmrRefresh (file://C:/Users/MSI Bravo/OneDrive/Documents/Enginex/.next/dev/static/chunks/node_modules_next_dist_client_0fhqo1d._.js:11822:40)
    at processMessage/< (file://C:/Users/MSI Bravo/OneDrive/Documents/Enginex/.next/dev/static/chunks/node_modules_next_dist_client_0fhqo1d._.js:13990:64)
    at startTransition (file://C:/Users/MSI Bravo/OneDrive/Documents/Enginex/.next/dev/static/chunks/node_modules_next_dist_compiled_0rpq4pf._.js:1279:31)
    at processMessage (file://C:/Users/MSI Bravo/OneDrive/Documents/Enginex/.next/dev/static/chunks/node_modules_next_dist_client_0fhqo1d._.js:13989:44)
    at handleMessage (file://C:/Users/MSI Bravo/OneDrive/Documents/Enginex/.next/dev/static/chunks/node_modules_next_dist_client_0fhqo1d._.js:13358:52)
[browser] Uncaught Error: Internal Next.js error: Router action dispatched before initialization.
    at dispatchAppRouterAction (file://C:/Users/MSI Bravo/OneDrive/Documents/Enginex/.next/dev/static/chunks/node_modules_next_dist_client_0fhqo1d._.js:916:37)
    at hmrRefresh/< (file://C:/Users/MSI Bravo/OneDrive/Documents/Enginex/.next/dev/static/chunks/node_modules_next_dist_client_0fhqo1d._.js:11823:61)
    at startTransition (file://C:/Users/MSI Bravo/OneDrive/Documents/Enginex/.next/dev/static/chunks/node_modules_next_dist_compiled_0rpq4pf._.js:1279:31)
    at hmrRefresh (file://C:/Users/MSI Bravo/OneDrive/Documents/Enginex/.next/dev/static/chunks/node_modules_next_dist_client_0fhqo1d._.js:11822:40)
    at processMessage/< (file://C:/Users/MSI Bravo/OneDrive/Documents/Enginex/.next/dev/static/chunks/node_modules_next_dist_client_0fhqo1d._.js:13990:64)
    at startTransition (file://C:/Users/MSI Bravo/OneDrive/Documents/Enginex/.next/dev/static/chunks/node_modules_next_dist_compiled_0rpq4pf._.js:1279:31)
    at processMessage (file://C:/Users/MSI Bravo/OneDrive/Documents/Enginex/.next/dev/static/chunks/node_modules_next_dist_client_0fhqo1d._.js:13989:44)
    at handleMessage (file://C:/Users/MSI Bravo/OneDrive/Documents/Enginex/.next/dev/static/chunks/node_modules_next_dist_client_0fhqo1d._.js:13358:52)
✓ Compiled in 48ms
[browser] Uncaught Error: Internal Next.js error: Router action dispatched before initialization.
    at dispatchAppRouterAction (file://C:/Users/MSI Bravo/OneDrive/Documents/Enginex/.next/dev/static/chunks/node_modules_next_dist_client_0fhqo1d._.js:916:37)
    at hmrRefresh/< (file://C:/Users/MSI Bravo/OneDrive/Documents/Enginex/.next/dev/static/chunks/node_modules_next_dist_client_0fhqo1d._.js:11823:61)
    at startTransition (file://C:/Users/MSI Bravo/OneDrive/Documents/Enginex/.next/dev/static/chunks/node_modules_next_dist_compiled_0rpq4pf._.js:1279:31)
    at hmrRefresh (file://C:/Users/MSI Bravo/OneDrive/Documents/Enginex/.next/dev/static/chunks/node_modules_next_dist_client_0fhqo1d._.js:11822:40)
    at processMessage/< (file://C:/Users/MSI Bravo/OneDrive/Documents/Enginex/.next/dev/static/chunks/node_modules_next_dist_client_0fhqo1d._.js:13990:64)
    at startTransition (file://C:/Users/MSI Bravo/OneDrive/Documents/Enginex/.next/dev/static/chunks/node_modules_next_dist_compiled_0rpq4pf._.js:1279:31)
    at processMessage (file://C:/Users/MSI Bravo/OneDrive/Documents/Enginex/.next/dev/static/chunks/node_modules_next_dist_client_0fhqo1d._.js:13989:44)
    at handleMessage (file://C:/Users/MSI Bravo/OneDrive/Documents/Enginex/.next/dev/static/chunks/node_modules_next_dist_client_0fhqo1d._.js:13358:52)
[browser] Uncaught Error: Internal Next.js error: Router action dispatched before initialization.
    at dispatchAppRouterAction (file://C:/Users/MSI Bravo/OneDrive/Documents/Enginex/.next/dev/static/chunks/node_modules_next_dist_client_0fhqo1d._.js:916:37)
    at hmrRefresh/< (file://C:/Users/MSI Bravo/OneDrive/Documents/Enginex/.next/dev/static/chunks/node_modules_next_dist_client_0fhqo1d._.js:11823:61)
    at startTransition (file://C:/Users/MSI Bravo/OneDrive/Documents/Enginex/.next/dev/static/chunks/node_modules_next_dist_compiled_0rpq4pf._.js:1279:31)
    at hmrRefresh (file://C:/Users/MSI Bravo/OneDrive/Documents/Enginex/.next/dev/static/chunks/node_modules_next_dist_client_0fhqo1d._.js:11822:40)
    at processMessage/< (file://C:/Users/MSI Bravo/OneDrive/Documents/Enginex/.next/dev/static/chunks/node_modules_next_dist_client_0fhqo1d._.js:13990:64)
    at startTransition (file://C:/Users/MSI Bravo/OneDrive/Documents/Enginex/.next/dev/static/chunks/node_modules_next_dist_compiled_0rpq4pf._.js:1279:31)
    at processMessage (file://C:/Users/MSI Bravo/OneDrive/Documents/Enginex/.next/dev/static/chunks/node_modules_next_dist_client_0fhqo1d._.js:13989:44)
    at handleMessage (file://C:/Users/MSI Bravo/OneDrive/Documents/Enginex/.next/dev/static/chunks/node_modules_next_dist_client_0fhqo1d._.js:13358:52)
 GET /client/dashboard 200 in 310ms (next.js: 125ms, application-code: 186ms)
 GET /client/profile-pics/pai-min-thway-3.png 404 in 83ms (next.js: 30ms, application-code: 53ms)
[browser] Image with src "/profile.avif" has "fill" but is missing "sizes" prop. Please add it to improve page performance. Read more: https://nextjs.org/docs/api-reference/next/image#sizes (file://C:/Users/MSI Bravo/OneDrive/Documents/Enginex/.next/dev/static/chunks/node_modules_next_dist_115brz8._.js:1340:21)
✓ Compiled in 44ms
 GET /client/dashboard 200 in 139ms (next.js: 89ms, application-code: 50ms)
 GET /client/dashboard 200 in 53ms (next.js: 5ms, application-code: 48ms)
 GET /client/g 404 in 78ms (next.js: 20ms, application-code: 58ms)
✓ Compiled in 28ms
 GET /client/dashboard 200 in 137ms (next.js: 93ms, application-code: 44ms)
 GET /client/dashboard 200 in 45ms (next.js: 4ms, application-code: 40ms)
[browser] An empty string ("") was passed to the src attribute. This may cause the browser to download the whole page again over the network. To fix this, either do not render the element at all or pass null to src instead of an empty string. 
    at updateProperties (file://C:/Users/MSI Bravo/OneDrive/Documents/Enginex/.next/dev/static/chunks/node_modules_next_dist_compiled_react-dom_058-ah~._.js:11312:32)
    at commitUpdate (file://C:/Users/MSI Bravo/OneDrive/Documents/Enginex/.next/dev/static/chunks/node_modules_next_dist_compiled_react-dom_058-ah~._.js:11894:25)
    at runWithFiberInDEV (file://C:/Users/MSI Bravo/OneDrive/Documents/Enginex/.next/dev/static/chunks/node_modules_next_dist_compiled_react-dom_058-ah~._.js:965:131)
    at commitHostUpdate (file://C:/Users/MSI Bravo/OneDrive/Documents/Enginex/.next/dev/static/chunks/node_modules_next_dist_compiled_react-dom_058-ah~._.js:7421:30)
    at commitMutationEffectsOnFiber (file://C:/Users/MSI Bravo/OneDrive/Documents/Enginex/.next/dev/static/chunks/node_modules_next_dist_compiled_react-dom_058-ah~._.js:8298:100)
    at recursivelyTraverseMutationEffects (file://C:/Users/MSI Bravo/OneDrive/Documents/Enginex/.next/dev/static/chunks/node_modules_next_dist_compiled_react-dom_058-ah~._.js:8205:134)
    at commitMutationEffectsOnFiber (file://C:/Users/MSI Bravo/OneDrive/Documents/Enginex/.next/dev/static/chunks/node_modules_next_dist_compiled_react-dom_058-ah~._.js:8214:51)
    at recursivelyTraverseMutationEffects (file://C:/Users/MSI Bravo/OneDrive/Documents/Enginex/.next/dev/static/chunks/node_modules_next_dist_compiled_react-dom_058-ah~._.js:8205:134)
    at commitMutationEffectsOnFiber (file://C:/Users/MSI Bravo/OneDrive/Documents/Enginex/.next/dev/static/chunks/node_modules_next_dist_compiled_react-dom_058-ah~._.js:8214:51)
    at recursivelyTraverseMutationEffects (file://C:/Users/MSI Bravo/OneDrive/Documents/Enginex/.next/dev/static/chunks/node_modules_next_dist_compiled_react-dom_058-ah~._.js:8205:134)
    at commitMutationEffectsOnFiber (file://C:/Users/MSI Bravo/OneDrive/Documents/Enginex/.next/dev/static/chunks/node_modules_next_dist_compiled_react-dom_058-ah~._.js:8286:51)
    at recursivelyTraverseMutationEffects (file://C:/Users/MSI Bravo/OneDrive/Documents/Enginex/.next/dev/static/chunks/node_modules_next_dist_compiled_react-dom_058-ah~._.js:8205:134)
    at commitMutationEffectsOnFiber (file://C:/Users/MSI Bravo/OneDrive/Documents/Enginex/.next/dev/static/chunks/node_modules_next_dist_compiled_react-dom_058-ah~._.js:8286:51)
    at recursivelyTraverseMutationEffects (file://C:/Users/MSI Bravo/OneDrive/Documents/Enginex/.next/dev/static/chunks/node_modules_next_dist_compiled_react-dom_058-ah~._.js:8205:134)
    at commitMutationEffectsOnFiber (file://C:/Users/MSI Bravo/OneDrive/Documents/Enginex/.next/dev/static/chunks/node_modules_next_dist_compiled_react-dom_058-ah~._.js:8286:51)
    at recursivelyTraverseMutationEffects (file://C:/Users/MSI Bravo/OneDrive/Documents/Enginex/.next/dev/static/chunks/node_modules_next_dist_compiled_react-dom_058-ah~._.js:8205:134)
    at commitMutationEffectsOnFiber (file://C:/Users/MSI Bravo/OneDrive/Documents/Enginex/.next/dev/static/chunks/node_modules_next_dist_compiled_react-dom_058-ah~._.js:8286:51)
    at recursivelyTraverseMutationEffects (file://C:/Users/MSI Bravo/OneDrive/Documents/Enginex/.next/dev/static/chunks/node_modules_next_dist_compiled_react-dom_058-ah~._.js:8205:134)
    at commitMutationEffectsOnFiber (file://C:/Users/MSI Bravo/OneDrive/Documents/Enginex/.next/dev/static/chunks/node_modules_next_dist_compiled_react-dom_058-ah~._.js:8286:51)
    at recursivelyTraverseMutationEffects (file://C:/Users/MSI Bravo/OneDrive/Documents/Enginex/.next/dev/static/chunks/node_modules_next_dist_compiled_react-dom_058-ah~._.js:8205:134)
    at commitMutationEffectsOnFiber (file://C:/Users/MSI Bravo/OneDrive/Documents/Enginex/.next/dev/static/chunks/node_modules_next_dist_compiled_react-dom_058-ah~._.js:8286:51)
    at recursivelyTraverseMutationEffects (file://C:/Users/MSI Bravo/OneDrive/Documents/Enginex/.next/dev/static/chunks/node_modules_next_dist_compiled_react-dom_058-ah~._.js:8205:134)
    at commitMutationEffectsOnFiber (file://C:/Users/MSI Bravo/OneDrive/Documents/Enginex/.next/dev/static/chunks/node_modules_next_dist_compiled_react-dom_058-ah~._.js:8214:51)
    at recursivelyTraverseMutationEffects (file://C:/Users/MSI Bravo/OneDrive/Documents/Enginex/.next/dev/static/chunks/node_modules_next_dist_compiled_react-dom_058-ah~._.js:8205:134)
    at commitMutationEffectsOnFiber (file://C:/Users/MSI Bravo/OneDrive/Documents/Enginex/.next/dev/static/chunks/node_modules_next_dist_compiled_react-dom_058-ah~._.js:8403:51)
    at recursivelyTraverseMutationEffects (file://C:/Users/MSI Bravo/OneDrive/Documents/Enginex/.next/dev/static/chunks/node_modules_next_dist_compiled_react-dom_058-ah~._.js:8205:134)
    at commitMutationEffectsOnFiber (file://C:/Users/MSI Bravo/OneDrive/Documents/Enginex/.next/dev/static/chunks/node_modules_next_dist_compiled_react-dom_058-ah~._.js:8403:51)
    at recursivelyTraverseMutationEffects (file://C:/Users/MSI Bravo/OneDrive/Documents/Enginex/.next/dev/static/chunks/node_modules_next_dist_compiled_react-dom_058-ah~._.js:8205:134)
    at commitMutationEffectsOnFiber (file://C:/Users/MSI Bravo/OneDrive/Documents/Enginex/.next/dev/static/chunks/node_modules_next_dist_compiled_react-dom_058-ah~._.js:8214:51)
    at recursivelyTraverseMutationEffects (file://C:/Users/MSI Bravo/OneDrive/Documents/Enginex/.next/dev/static/chunks/node_modules_next_dist_compiled_react-dom_058-ah~._.js:8205:134)
    at commitMutationEffectsOnFiber (file://C:/Users/MSI Bravo/OneDrive/Documents/Enginex/.next/dev/static/chunks/node_modules_next_dist_compiled_react-dom_058-ah~._.js:8219:51)
    at recursivelyTraverseMutationEffects (file://C:/Users/MSI Bravo/OneDrive/Documents/Enginex/.next/dev/static/chunks/node_modules_next_dist_compiled_react-dom_058-ah~._.js:8205:134)
    at commitMutationEffectsOnFiber (file://C:/Users/MSI Bravo/OneDrive/Documents/Enginex/.next/dev/static/chunks/node_modules_next_dist_compiled_react-dom_058-ah~._.js:8214:51)
    at recursivelyTraverseMutationEffects (file://C:/Users/MSI Bravo/OneDrive/Documents/Enginex/.next/dev/static/chunks/node_modules_next_dist_compiled_react-dom_058-ah~._.js:8205:134)
    at commitMutationEffectsOnFiber (file://C:/Users/MSI Bravo/OneDrive/Documents/Enginex/.next/dev/static/chunks/node_modules_next_dist_compiled_react-dom_058-ah~._.js:8214:51)
    at recursivelyTraverseMutationEffects (file://C:/Users/MSI Bravo/OneDrive/Documents/Enginex/.next/dev/static/chunks/node_modules_next_dist_compiled_react-dom_058-ah~._.js:8205:134)
    at commitMutationEffectsOnFiber (file://C:/Users/MSI Bravo/OneDrive/Documents/Enginex/.next/dev/static/chunks/node_modules_next_dist_compiled_react-dom_058-ah~._.js:8214:51)
    at recursivelyTraverseMutationEffects (file://C:/Users/MSI Bravo/OneDrive/Documents/Enginex/.next/dev/static/chunks/node_modules_next_dist_compiled_react-dom_058-ah~._.js:8205:134)
    at commitMutationEffectsOnFiber (file://C:/Users/MSI Bravo/OneDrive/Documents/Enginex/.next/dev/static/chunks/node_modules_next_dist_compiled_react-dom_058-ah~._.js:8214:51)
    at recursivelyTraverseMutationEffects (file://C:/Users/MSI Bravo/OneDrive/Documents/Enginex/.next/dev/static/chunks/node_modules_next_dist_compiled_react-dom_058-ah~._.js:8205:134)
    at commitMutationEffectsOnFiber (file://C:/Users/MSI Bravo/OneDrive/Documents/Enginex/.next/dev/static/chunks/node_modules_next_dist_compiled_react-dom_058-ah~._.js:8219:51)
    at recursivelyTraverseMutationEffects (file://C:/Users/MSI Bravo/OneDrive/Documents/Enginex/.next/dev/static/chunks/node_modules_next_dist_compiled_react-dom_058-ah~._.js:8205:134)
    at commitMutationEffectsOnFiber (file://C:/Users/MSI Bravo/OneDrive/Documents/Enginex/.next/dev/static/chunks/node_modules_next_dist_compiled_react-dom_058-ah~._.js:8214:51)
    at recursivelyTraverseMutationEffects (file://C:/Users/MSI Bravo/OneDrive/Documents/Enginex/.next/dev/static/chunks/node_modules_next_dist_compiled_react-dom_058-ah~._.js:8205:134)
    at commitMutationEffectsOnFiber (file://C:/Users/MSI Bravo/OneDrive/Documents/Enginex/.next/dev/static/chunks/node_modules_next_dist_compiled_react-dom_058-ah~._.js:8214:51)
    at recursivelyTraverseMutationEffects (file://C:/Users/MSI Bravo/OneDrive/Documents/Enginex/.next/dev/static/chunks/node_modules_next_dist_compiled_react-dom_058-ah~._.js:8205:134)
    at commitMutationEffectsOnFiber (file://C:/Users/MSI Bravo/OneDrive/Documents/Enginex/.next/dev/static/chunks/node_modules_next_dist_compiled_react-dom_058-ah~._.js:8403:51) (file://C:/Users/MSI Bravo/OneDrive/Documents/Enginex/.next/dev/static/chunks/node_modules_next_dist_compiled_react-dom_058-ah~._.js:11312:32)
[browser] Image is missing required "src" property: [object HTMLImageElement] 
    at applyRef (file://C:/Users/MSI Bravo/OneDrive/Documents/Enginex/.next/dev/static/chunks/node_modules_0j64y_q._.js:3103:29)
    at useMergedRef/< (file://C:/Users/MSI Bravo/OneDrive/Documents/Enginex/.next/dev/static/chunks/node_modules_0j64y_q._.js:3093:36)
    at commitAttachRef (file://C:/Users/MSI Bravo/OneDrive/Documents/Enginex/.next/dev/static/chunks/node_modules_next_dist_compiled_react-dom_058-ah~._.js:7354:63)
    at runWithFiberInDEV (file://C:/Users/MSI Bravo/OneDrive/Documents/Enginex/.next/dev/static/chunks/node_modules_next_dist_compiled_react-dom_058-ah~._.js:965:131)
    at safelyAttachRef (file://C:/Users/MSI Bravo/OneDrive/Documents/Enginex/.next/dev/static/chunks/node_modules_next_dist_compiled_react-dom_058-ah~._.js:7364:30)
    at commitLayoutEffectOnFiber (file://C:/Users/MSI Bravo/OneDrive/Documents/Enginex/.next/dev/static/chunks/node_modules_next_dist_compiled_react-dom_058-ah~._.js:7904:32)
    at recursivelyTraverseLayoutEffects (file://C:/Users/MSI Bravo/OneDrive/Documents/Enginex/.next/dev/static/chunks/node_modules_next_dist_compiled_react-dom_058-ah~._.js:8530:130)
    at commitLayoutEffectOnFiber (file://C:/Users/MSI Bravo/OneDrive/Documents/Enginex/.next/dev/static/chunks/node_modules_next_dist_compiled_react-dom_058-ah~._.js:7850:49)
    at recursivelyTraverseLayoutEffects (file://C:/Users/MSI Bravo/OneDrive/Documents/Enginex/.next/dev/static/chunks/node_modules_next_dist_compiled_react-dom_058-ah~._.js:8530:130)
    at commitLayoutEffectOnFiber (file://C:/Users/MSI Bravo/OneDrive/Documents/Enginex/.next/dev/static/chunks/node_modules_next_dist_compiled_react-dom_058-ah~._.js:7850:49)
    at recursivelyTraverseLayoutEffects (file://C:/Users/MSI Bravo/OneDrive/Documents/Enginex/.next/dev/static/chunks/node_modules_next_dist_compiled_react-dom_058-ah~._.js:8530:130)
    at commitLayoutEffectOnFiber (file://C:/Users/MSI Bravo/OneDrive/Documents/Enginex/.next/dev/static/chunks/node_modules_next_dist_compiled_react-dom_058-ah~._.js:7890:49)
    at recursivelyTraverseLayoutEffects (file://C:/Users/MSI Bravo/OneDrive/Documents/Enginex/.next/dev/static/chunks/node_modules_next_dist_compiled_react-dom_058-ah~._.js:8530:130)
    at commitLayoutEffectOnFiber (file://C:/Users/MSI Bravo/OneDrive/Documents/Enginex/.next/dev/static/chunks/node_modules_next_dist_compiled_react-dom_058-ah~._.js:7890:49)
    at recursivelyTraverseLayoutEffects (file://C:/Users/MSI Bravo/OneDrive/Documents/Enginex/.next/dev/static/chunks/node_modules_next_dist_compiled_react-dom_058-ah~._.js:8530:130)
    at commitLayoutEffectOnFiber (file://C:/Users/MSI Bravo/OneDrive/Documents/Enginex/.next/dev/static/chunks/node_modules_next_dist_compiled_react-dom_058-ah~._.js:7890:49)
    at recursivelyTraverseLayoutEffects (file://C:/Users/MSI Bravo/OneDrive/Documents/Enginex/.next/dev/static/chunks/node_modules_next_dist_compiled_react-dom_058-ah~._.js:8530:130)
    at commitLayoutEffectOnFiber (file://C:/Users/MSI Bravo/OneDrive/Documents/Enginex/.next/dev/static/chunks/node_modules_next_dist_compiled_react-dom_058-ah~._.js:7890:49)
    at recursivelyTraverseLayoutEffects (file://C:/Users/MSI Bravo/OneDrive/Documents/Enginex/.next/dev/static/chunks/node_modules_next_dist_compiled_react-dom_058-ah~._.js:8530:130)
    at commitLayoutEffectOnFiber (file://C:/Users/MSI Bravo/OneDrive/Documents/Enginex/.next/dev/static/chunks/node_modules_next_dist_compiled_react-dom_058-ah~._.js:7890:49)
    at recursivelyTraverseLayoutEffects (file://C:/Users/MSI Bravo/OneDrive/Documents/Enginex/.next/dev/static/chunks/node_modules_next_dist_compiled_react-dom_058-ah~._.js:8530:130)
    at commitLayoutEffectOnFiber (file://C:/Users/MSI Bravo/OneDrive/Documents/Enginex/.next/dev/static/chunks/node_modules_next_dist_compiled_react-dom_058-ah~._.js:7890:49)
    at recursivelyTraverseLayoutEffects (file://C:/Users/MSI Bravo/OneDrive/Documents/Enginex/.next/dev/static/chunks/node_modules_next_dist_compiled_react-dom_058-ah~._.js:8530:130)
    at commitLayoutEffectOnFiber (file://C:/Users/MSI Bravo/OneDrive/Documents/Enginex/.next/dev/static/chunks/node_modules_next_dist_compiled_react-dom_058-ah~._.js:7850:49)
    at recursivelyTraverseLayoutEffects (file://C:/Users/MSI Bravo/OneDrive/Documents/Enginex/.next/dev/static/chunks/node_modules_next_dist_compiled_react-dom_058-ah~._.js:8530:130)
    at commitLayoutEffectOnFiber (file://C:/Users/MSI Bravo/OneDrive/Documents/Enginex/.next/dev/static/chunks/node_modules_next_dist_compiled_react-dom_058-ah~._.js:7948:49)
    at recursivelyTraverseLayoutEffects (file://C:/Users/MSI Bravo/OneDrive/Documents/Enginex/.next/dev/static/chunks/node_modules_next_dist_compiled_react-dom_058-ah~._.js:8530:130)
    at commitLayoutEffectOnFiber (file://C:/Users/MSI Bravo/OneDrive/Documents/Enginex/.next/dev/static/chunks/node_modules_next_dist_compiled_react-dom_058-ah~._.js:7948:49)
    at recursivelyTraverseLayoutEffects (file://C:/Users/MSI Bravo/OneDrive/Documents/Enginex/.next/dev/static/chunks/node_modules_next_dist_compiled_react-dom_058-ah~._.js:8530:130)
    at commitLayoutEffectOnFiber (file://C:/Users/MSI Bravo/OneDrive/Documents/Enginex/.next/dev/static/chunks/node_modules_next_dist_compiled_react-dom_058-ah~._.js:7850:49)
    at recursivelyTraverseLayoutEffects (file://C:/Users/MSI Bravo/OneDrive/Documents/Enginex/.next/dev/static/chunks/node_modules_next_dist_compiled_react-dom_058-ah~._.js:8530:130)
    at commitLayoutEffectOnFiber (file://C:/Users/MSI Bravo/OneDrive/Documents/Enginex/.next/dev/static/chunks/node_modules_next_dist_compiled_react-dom_058-ah~._.js:7854:49)
    at recursivelyTraverseLayoutEffects (file://C:/Users/MSI Bravo/OneDrive/Documents/Enginex/.next/dev/static/chunks/node_modules_next_dist_compiled_react-dom_058-ah~._.js:8530:130)
    at commitLayoutEffectOnFiber (file://C:/Users/MSI Bravo/OneDrive/Documents/Enginex/.next/dev/static/chunks/node_modules_next_dist_compiled_react-dom_058-ah~._.js:7850:49)
    at recursivelyTraverseLayoutEffects (file://C:/Users/MSI Bravo/OneDrive/Documents/Enginex/.next/dev/static/chunks/node_modules_next_dist_compiled_react-dom_058-ah~._.js:8530:130)
    at commitLayoutEffectOnFiber (file://C:/Users/MSI Bravo/OneDrive/Documents/Enginex/.next/dev/static/chunks/node_modules_next_dist_compiled_react-dom_058-ah~._.js:7850:49)
    at recursivelyTraverseLayoutEffects (file://C:/Users/MSI Bravo/OneDrive/Documents/Enginex/.next/dev/static/chunks/node_modules_next_dist_compiled_react-dom_058-ah~._.js:8530:130)
    at commitLayoutEffectOnFiber (file://C:/Users/MSI Bravo/OneDrive/Documents/Enginex/.next/dev/static/chunks/node_modules_next_dist_compiled_react-dom_058-ah~._.js:7850:49)
    at recursivelyTraverseLayoutEffects (file://C:/Users/MSI Bravo/OneDrive/Documents/Enginex/.next/dev/static/chunks/node_modules_next_dist_compiled_react-dom_058-ah~._.js:8530:130)
    at commitLayoutEffectOnFiber (file://C:/Users/MSI Bravo/OneDrive/Documents/Enginex/.next/dev/static/chunks/node_modules_next_dist_compiled_react-dom_058-ah~._.js:7850:49)
    at recursivelyTraverseLayoutEffects (file://C:/Users/MSI Bravo/OneDrive/Documents/Enginex/.next/dev/static/chunks/node_modules_next_dist_compiled_react-dom_058-ah~._.js:8530:130)
    at commitLayoutEffectOnFiber (file://C:/Users/MSI Bravo/OneDrive/Documents/Enginex/.next/dev/static/chunks/node_modules_next_dist_compiled_react-dom_058-ah~._.js:7854:49)
    at recursivelyTraverseLayoutEffects (file://C:/Users/MSI Bravo/OneDrive/Documents/Enginex/.next/dev/static/chunks/node_modules_next_dist_compiled_react-dom_058-ah~._.js:8530:130)
    at commitLayoutEffectOnFiber (file://C:/Users/MSI Bravo/OneDrive/Documents/Enginex/.next/dev/static/chunks/node_modules_next_dist_compiled_react-dom_058-ah~._.js:7850:49)
    at recursivelyTraverseLayoutEffects (file://C:/Users/MSI Bravo/OneDrive/Documents/Enginex/.next/dev/static/chunks/node_modules_next_dist_compiled_react-dom_058-ah~._.js:8530:130)
    at commitLayoutEffectOnFiber (file://C:/Users/MSI Bravo/OneDrive/Documents/Enginex/.next/dev/static/chunks/node_modules_next_dist_compiled_react-dom_058-ah~._.js:7850:49)
    at recursivelyTraverseLayoutEffects (file://C:/Users/MSI Bravo/OneDrive/Documents/Enginex/.next/dev/static/chunks/node_modules_next_dist_compiled_react-dom_058-ah~._.js:8530:130) (file://C:/Users/MSI Bravo/OneDrive/Documents/Enginex/.next/dev/static/chunks/node_modules_0j64y_q._.js:3103:29)
✓ Compiled in 51ms
 GET /client/dashboard 200 in 157ms (next.js: 99ms, application-code: 58ms)
 GET /client/dashboard 200 in 54ms (next.js: 6ms, application-code: 49ms)
✓ Compiled in 42ms
 GET /client/dashboard 200 in 135ms (next.js: 92ms, application-code: 43ms)
 GET /client/dashboard 200 in 39ms (next.js: 4ms, application-code: 34ms)
✓ Compiled in 44ms
 GET /client/dashboard 200 in 155ms (next.js: 105ms, application-code: 50ms)
 GET /client/dashboard 200 in 38ms (next.js: 5ms, application-code: 33ms)
 GET / 200 in 100ms (next.js: 19ms, application-code: 81ms)
✓ Compiled in 50ms
 GET /client/dashboard 200 in 138ms (next.js: 91ms, application-code: 47ms)
 GET /client/dashboard 200 in 41ms (next.js: 5ms, application-code: 36ms)
 GET /pr 404 in 73ms (next.js: 19ms, application-code: 54ms)
✓ Compiled in 45ms
 GET /client/dashboard 200 in 156ms (next.js: 108ms, application-code: 48ms)
 GET /client/dashboard 200 in 48ms (next.js: 5ms, application-code: 43ms)
✓ Compiled in 44ms
 GET /client/dashboard 200 in 154ms (next.js: 102ms, application-code: 52ms)
 GET /client/dashboard 200 in 50ms (next.js: 4ms, application-code: 46ms)
✓ Compiled in 49ms
 GET /client/dashboard 200 in 156ms (next.js: 105ms, application-code: 52ms)
 GET /client/dashboard 200 in 41ms (next.js: 5ms, application-code: 36ms)
✓ Compiled in 38ms
 GET /client/dashboard 200 in 137ms (next.js: 92ms, application-code: 46ms)
 GET /client/dashboard 200 in 61ms (next.js: 5ms, application-code: 56ms)
✓ Compiled in 43ms
 GET /client/dashboard 200 in 145ms (next.js: 97ms, application-code: 48ms)
 GET /client/dashboard 200 in 37ms (next.js: 4ms, application-code: 33ms)
✓ Compiled in 52ms
 GET /client/dashboard 200 in 141ms (next.js: 95ms, application-code: 46ms)
 GET /client/dashboard 200 in 65ms (next.js: 5ms, application-code: 60ms)
✓ Compiled in 44ms
 GET /client/dashboard 200 in 142ms (next.js: 94ms, application-code: 48ms)
 GET /client/dashboard 200 in 35ms (next.js: 5ms, application-code: 31ms)
✓ Compiled in 50ms
 GET /client/dashboard 200 in 154ms (next.js: 109ms, application-code: 46ms)
 GET /client/dashboard 200 in 44ms (next.js: 5ms, application-code: 39ms)
✓ Compiled in 45ms
 GET /client/dashboard 200 in 136ms (next.js: 93ms, application-code: 43ms)
 GET /client/dashboard 200 in 44ms (next.js: 4ms, application-code: 40ms)
✓ Compiled in 42ms
 GET /client/dashboard 200 in 152ms (next.js: 109ms, application-code: 43ms)
 GET /client/dashboard 200 in 35ms (next.js: 4ms, application-code: 31ms)
✓ Compiled in 40ms
 GET /client/dashboard 200 in 132ms (next.js: 89ms, application-code: 43ms)
 GET /client/dashboard 200 in 35ms (next.js: 4ms, application-code: 31ms)
✓ Compiled in 44ms
 GET /client/dashboard 200 in 154ms (next.js: 96ms, application-code: 58ms)
 GET /client/dashboard 200 in 45ms (next.js: 6ms, application-code: 39ms)
✓ Compiled in 54ms
 GET /client/dashboard 200 in 156ms (next.js: 100ms, application-code: 56ms)
 GET /client/dashboard 200 in 48ms (next.js: 6ms, application-code: 42ms)
✓ Compiled in 42ms
 GET /client/dashboard 200 in 140ms (next.js: 92ms, application-code: 47ms)
 GET /client/dashboard 200 in 36ms (next.js: 4ms, application-code: 32ms)
✓ Compiled in 47ms
 GET /client/dashboard 200 in 176ms (next.js: 106ms, application-code: 71ms)
 GET /client/dashboard 200 in 63ms (next.js: 5ms, application-code: 58ms)
✓ Compiled in 41ms
 GET /client/dashboard 200 in 144ms (next.js: 96ms, application-code: 48ms)
 GET /client/dashboard 200 in 36ms (next.js: 5ms, application-code: 32ms)
✓ Compiled in 37ms
 GET /client/dashboard 200 in 148ms (next.js: 102ms, application-code: 47ms)
 GET /client/dashboard 200 in 48ms (next.js: 11ms, application-code: 37ms)
✓ Compiled in 36ms
 GET /client/dashboard 200 in 135ms (next.js: 95ms, application-code: 40ms)
 GET /client/dashboard 200 in 36ms (next.js: 4ms, application-code: 32ms)
✓ Compiled in 34ms
 GET /client/dashboard 200 in 158ms (next.js: 109ms, application-code: 49ms)
 GET /client/dashboard 200 in 35ms (next.js: 5ms, application-code: 30ms)
✓ Compiled in 67ms
 GET /client/dashboard 200 in 150ms (next.js: 100ms, application-code: 51ms)
 GET /client/dashboard 200 in 37ms (next.js: 4ms, application-code: 33ms)
✓ Compiled in 75ms
 GET /client/dashboard 200 in 142ms (next.js: 97ms, application-code: 46ms)
 GET /client/dashboard 200 in 38ms (next.js: 4ms, application-code: 34ms)
✓ Compiled in 69ms
 GET /client/dashboard 200 in 155ms (next.js: 102ms, application-code: 53ms)
 GET /client/dashboard 200 in 40ms (next.js: 5ms, application-code: 35ms)
✓ Compiled in 55ms
 GET /client/dashboard 200 in 138ms (next.js: 94ms, application-code: 44ms)
 GET /client/dashboard 200 in 39ms (next.js: 4ms, application-code: 35ms)
✓ Compiled in 70ms
 GET /client/dashboard 200 in 218ms (next.js: 139ms, application-code: 79ms)
 GET /client/dashboard 200 in 46ms (next.js: 6ms, application-code: 40ms)
✓ Compiled in 45ms
 GET /client/dashboard 200 in 160ms (next.js: 110ms, application-code: 51ms)
 GET /client/dashboard 200 in 39ms (next.js: 5ms, application-code: 34ms)
 GET /client/dashboard 200 in 161ms (next.js: 5ms, application-code: 156ms)
[browser] Image with src "/profile.avif" has "fill" but is missing "sizes" prop. Please add it to improve page performance. Read more: https://nextjs.org/docs/api-reference/next/image#sizes (file://C:/Users/MSI Bravo/OneDrive/Documents/Enginex/.next/dev/static/chunks/node_modules_next_dist_115brz8._.js:1340:21)
 GET /client/dashboard 200 in 85ms (next.js: 5ms, application-code: 80ms)
[browser] Image with src "/profile.avif" has "fill" but is missing "sizes" prop. Please add it to improve page performance. Read more: https://nextjs.org/docs/api-reference/next/image#sizes (file://C:/Users/MSI Bravo/OneDrive/Documents/Enginex/.next/dev/static/chunks/node_modules_next_dist_115brz8._.js:1340:21)
✓ Compiled in 40ms
 GET /client/dashboard 200 in 123ms (next.js: 83ms, application-code: 40ms)
 GET /client/dashboard 200 in 34ms (next.js: 5ms, application-code: 29ms)
 GET /client/dashboard 200 in 143ms (next.js: 5ms, application-code: 139ms)
 GET /client/dashboard 200 in 99ms (next.js: 4ms, application-code: 94ms)
[browser] Image with src "/profile.avif" has "fill" but is missing "sizes" prop. Please add it to improve page performance. Read more: https://nextjs.org/docs/api-reference/next/image#sizes (file://C:/Users/MSI Bravo/OneDrive/Documents/Enginex/.next/dev/static/chunks/node_modules_next_dist_115brz8._.js:1340:21)
✓ Compiled in 34ms
 GET /client/dashboard 200 in 138ms (next.js: 88ms, application-code: 50ms)
 GET /client/dashboard 200 in 41ms (next.js: 5ms, application-code: 36ms)
✓ Compiled in 43ms
 GET /client/dashboard 200 in 169ms (next.js: 105ms, application-code: 63ms)
 GET /client/dashboard 200 in 54ms (next.js: 6ms, application-code: 48ms)
 GET /client/dashboard 200 in 166ms (next.js: 6ms, application-code: 160ms)
[browser] Image with src "/profile.avif" has "fill" but is missing "sizes" prop. Please add it to improve page performance. Read more: https://nextjs.org/docs/api-reference/next/image#sizes (file://C:/Users/MSI Bravo/OneDrive/Documents/Enginex/.next/dev/static/chunks/node_modules_next_dist_115brz8._.js:1340:21)
✓ Compiled in 34ms
 GET /client/dashboard 200 in 160ms (next.js: 110ms, application-code: 50ms)
 GET /client/dashboard 200 in 60ms (next.js: 6ms, application-code: 54ms)
✓ Compiled in 44ms
 GET /client/dashboard 200 in 176ms (next.js: 114ms, application-code: 62ms)
 GET /client/dashboard 200 in 52ms (next.js: 6ms, application-code: 46ms)
 GET /client/dashboard 200 in 184ms (next.js: 4ms, application-code: 179ms)
 GET /client/dashboard 200 in 89ms (next.js: 6ms, application-code: 83ms)
[browser] Image with src "/profile.avif" has "fill" but is missing "sizes" prop. Please add it to improve page performance. Read more: https://nextjs.org/docs/api-reference/next/image#sizes (file://C:/Users/MSI Bravo/OneDrive/Documents/Enginex/.next/dev/static/chunks/node_modules_next_dist_115brz8._.js:1340:21)
 GET /client/dashboard 200 in 120ms (next.js: 5ms, application-code: 115ms)
[browser] Image with src "/profile.avif" has "fill" but is missing "sizes" prop. Please add it to improve page performance. Read more: https://nextjs.org/docs/api-reference/next/image#sizes (file://C:/Users/MSI Bravo/OneDrive/Documents/Enginex/.next/dev/static/chunks/node_modules_next_dist_115brz8._.js:1340:21)
✓ Compiled in 37ms
 GET /client/dashboard 200 in 121ms (next.js: 78ms, application-code: 43ms)
 GET /client/dashboard 200 in 45ms (next.js: 6ms, application-code: 39ms)
✓ Compiled in 39ms
 GET /client/dashboard 200 in 128ms (next.js: 86ms, application-code: 42ms)
 GET /client/dashboard 200 in 36ms (next.js: 5ms, application-code: 31ms)
✓ Compiled in 45ms
 GET /client/dashboard 200 in 188ms (next.js: 127ms, application-code: 62ms)
 GET /client/dashboard 200 in 46ms (next.js: 5ms, application-code: 40ms)
 GET /client/dashboard 200 in 180ms (next.js: 5ms, application-code: 175ms)
[browser] Image with src "/profile.avif" has "fill" but is missing "sizes" prop. Please add it to improve page performance. Read more: https://nextjs.org/docs/api-reference/next/image#sizes (file://C:/Users/MSI Bravo/OneDrive/Documents/Enginex/.next/dev/static/chunks/node_modules_next_dist_115brz8._.js:1340:21)
 GET /client/dashboard 200 in 102ms (next.js: 6ms, application-code: 96ms)
 GET /client/dashboard 200 in 91ms (next.js: 5ms, application-code: 86ms)
[browser] Image with src "/profile.avif" has "fill" but is missing "sizes" prop. Please add it to improve page performance. Read more: https://nextjs.org/docs/api-reference/next/image#sizes (file://C:/Users/MSI Bravo/OneDrive/Documents/Enginex/.next/dev/static/chunks/node_modules_next_dist_115brz8._.js:1340:21)
✓ Compiled in 33ms
 GET /client/dashboard 200 in 112ms (next.js: 78ms, application-code: 34ms)
 GET /client/dashboard 200 in 33ms (next.js: 4ms, application-code: 29ms)
✓ Compiled in 42ms
 GET /client/dashboard 200 in 169ms (next.js: 112ms, application-code: 57ms)
 GET /client/dashboard 200 in 41ms (next.js: 5ms, application-code: 36ms)
✓ Compiled in 46ms
 GET /client/dashboard 200 in 151ms (next.js: 89ms, application-code: 63ms)
 GET /client/dashboard 200 in 55ms (next.js: 6ms, application-code: 50ms)
 GET /client/dashboard 200 in 161ms (next.js: 5ms, application-code: 156ms)
[browser] Image with src "/profile.avif" has "fill" but is missing "sizes" prop. Please add it to improve page performance. Read more: https://nextjs.org/docs/api-reference/next/image#sizes (file://C:/Users/MSI Bravo/OneDrive/Documents/Enginex/.next/dev/static/chunks/node_modules_next_dist_115brz8._.js:1340:21)
✓ Compiled in 44ms
 GET /client/dashboard 200 in 156ms (next.js: 106ms, application-code: 50ms)
 GET /client/dashboard 200 in 54ms (next.js: 5ms, application-code: 49ms)
 GET /client/dashboard 200 in 184ms (next.js: 5ms, application-code: 179ms)
[browser] Image with src "/profile.avif" has "fill" but is missing "sizes" prop. Please add it to improve page performance. Read more: https://nextjs.org/docs/api-reference/next/image#sizes (file://C:/Users/MSI Bravo/OneDrive/Documents/Enginex/.next/dev/static/chunks/node_modules_next_dist_115brz8._.js:1340:21)
✓ Compiled in 30ms
 GET /client/dashboard 200 in 123ms (next.js: 84ms, application-code: 40ms)
 GET /client/dashboard 200 in 84ms (next.js: 5ms, application-code: 79ms)
✓ Compiled in 41ms
 GET /client/dashboard 200 in 157ms (next.js: 92ms, application-code: 65ms)
 GET /client/dashboard 200 in 44ms (next.js: 5ms, application-code: 39ms)
 GET /client/dashboard 200 in 164ms (next.js: 5ms, application-code: 159ms)
[browser] Image with src "/profile.avif" has "fill" but is missing "sizes" prop. Please add it to improve page performance. Read more: https://nextjs.org/docs/api-reference/next/image#sizes (file://C:/Users/MSI Bravo/OneDrive/Documents/Enginex/.next/dev/static/chunks/node_modules_next_dist_115brz8._.js:1340:21)
✓ Compiled in 33ms
 GET /client/dashboard 200 in 150ms (next.js: 108ms, application-code: 42ms)
 GET /client/dashboard 200 in 53ms (next.js: 6ms, application-code: 47ms)
 GET /client/dashboard 200 in 129ms (next.js: 5ms, application-code: 124ms)
[browser] ⨯ unhandledRejection: ChunkLoadError: Failed to load chunk /_next/static/chunks/%5Bturbopack%5D_browser_dev_hmr-client_hmr-client_ts_0yjw1oe._.js from module [turbopack]/browser/dev/hmr-client/hmr-client.ts [app-client] (ecmascript, async loader)
✓ Compiled in 40ms
[browser] Uncaught Error: Internal Next.js error: Router action dispatched before initialization.
    at dispatchAppRouterAction (file://C:/Users/MSI Bravo/OneDrive/Documents/Enginex/.next/dev/static/chunks/node_modules_next_dist_client_0fhqo1d._.js:916:37)
    at hmrRefresh/< (file://C:/Users/MSI Bravo/OneDrive/Documents/Enginex/.next/dev/static/chunks/node_modules_next_dist_client_0fhqo1d._.js:11823:61)
    at startTransition (file://C:/Users/MSI Bravo/OneDrive/Documents/Enginex/.next/dev/static/chunks/node_modules_next_dist_compiled_0rpq4pf._.js:1279:31)
    at hmrRefresh (file://C:/Users/MSI Bravo/OneDrive/Documents/Enginex/.next/dev/static/chunks/node_modules_next_dist_client_0fhqo1d._.js:11822:40)
    at processMessage/< (file://C:/Users/MSI Bravo/OneDrive/Documents/Enginex/.next/dev/static/chunks/node_modules_next_dist_client_0fhqo1d._.js:13990:64)
    at startTransition (file://C:/Users/MSI Bravo/OneDrive/Documents/Enginex/.next/dev/static/chunks/node_modules_next_dist_compiled_0rpq4pf._.js:1279:31)
    at processMessage (file://C:/Users/MSI Bravo/OneDrive/Documents/Enginex/.next/dev/static/chunks/node_modules_next_dist_client_0fhqo1d._.js:13989:44)
    at handleMessage (file://C:/Users/MSI Bravo/OneDrive/Documents/Enginex/.next/dev/static/chunks/node_modules_next_dist_client_0fhqo1d._.js:13358:52)
[browser] Uncaught Error: Internal Next.js error: Router action dispatched before initialization.
    at dispatchAppRouterAction (file://C:/Users/MSI Bravo/OneDrive/Documents/Enginex/.next/dev/static/chunks/node_modules_next_dist_client_0fhqo1d._.js:916:37)
    at hmrRefresh/< (file://C:/Users/MSI Bravo/OneDrive/Documents/Enginex/.next/dev/static/chunks/node_modules_next_dist_client_0fhqo1d._.js:11823:61)
    at startTransition (file://C:/Users/MSI Bravo/OneDrive/Documents/Enginex/.next/dev/static/chunks/node_modules_next_dist_compiled_0rpq4pf._.js:1279:31)
    at hmrRefresh (file://C:/Users/MSI Bravo/OneDrive/Documents/Enginex/.next/dev/static/chunks/node_modules_next_dist_client_0fhqo1d._.js:11822:40)
    at processMessage/< (file://C:/Users/MSI Bravo/OneDrive/Documents/Enginex/.next/dev/static/chunks/node_modules_next_dist_client_0fhqo1d._.js:13990:64)
    at startTransition (file://C:/Users/MSI Bravo/OneDrive/Documents/Enginex/.next/dev/static/chunks/node_modules_next_dist_compiled_0rpq4pf._.js:1279:31)
    at processMessage (file://C:/Users/MSI Bravo/OneDrive/Documents/Enginex/.next/dev/static/chunks/node_modules_next_dist_client_0fhqo1d._.js:13989:44)
    at handleMessage (file://C:/Users/MSI Bravo/OneDrive/Documents/Enginex/.next/dev/static/chunks/node_modules_next_dist_client_0fhqo1d._.js:13358:52)
✓ Compiled in 37ms
[browser] Uncaught Error: Internal Next.js error: Router action dispatched before initialization.
    at dispatchAppRouterAction (file://C:/Users/MSI Bravo/OneDrive/Documents/Enginex/.next/dev/static/chunks/node_modules_next_dist_client_0fhqo1d._.js:916:37)
    at hmrRefresh/< (file://C:/Users/MSI Bravo/OneDrive/Documents/Enginex/.next/dev/static/chunks/node_modules_next_dist_client_0fhqo1d._.js:11823:61)
    at startTransition (file://C:/Users/MSI Bravo/OneDrive/Documents/Enginex/.next/dev/static/chunks/node_modules_next_dist_compiled_0rpq4pf._.js:1279:31)
    at hmrRefresh (file://C:/Users/MSI Bravo/OneDrive/Documents/Enginex/.next/dev/static/chunks/node_modules_next_dist_client_0fhqo1d._.js:11822:40)
    at processMessage/< (file://C:/Users/MSI Bravo/OneDrive/Documents/Enginex/.next/dev/static/chunks/node_modules_next_dist_client_0fhqo1d._.js:13990:64)
    at startTransition (file://C:/Users/MSI Bravo/OneDrive/Documents/Enginex/.next/dev/static/chunks/node_modules_next_dist_compiled_0rpq4pf._.js:1279:31)
    at processMessage (file://C:/Users/MSI Bravo/OneDrive/Documents/Enginex/.next/dev/static/chunks/node_modules_next_dist_client_0fhqo1d._.js:13989:44)
    at handleMessage (file://C:/Users/MSI Bravo/OneDrive/Documents/Enginex/.next/dev/static/chunks/node_modules_next_dist_client_0fhqo1d._.js:13358:52)
[browser] Uncaught Error: Internal Next.js error: Router action dispatched before initialization.
    at dispatchAppRouterAction (file://C:/Users/MSI Bravo/OneDrive/Documents/Enginex/.next/dev/static/chunks/node_modules_next_dist_client_0fhqo1d._.js:916:37)
    at hmrRefresh/< (file://C:/Users/MSI Bravo/OneDrive/Documents/Enginex/.next/dev/static/chunks/node_modules_next_dist_client_0fhqo1d._.js:11823:61)
    at startTransition (file://C:/Users/MSI Bravo/OneDrive/Documents/Enginex/.next/dev/static/chunks/node_modules_next_dist_compiled_0rpq4pf._.js:1279:31)
    at hmrRefresh (file://C:/Users/MSI Bravo/OneDrive/Documents/Enginex/.next/dev/static/chunks/node_modules_next_dist_client_0fhqo1d._.js:11822:40)
    at processMessage/< (file://C:/Users/MSI Bravo/OneDrive/Documents/Enginex/.next/dev/static/chunks/node_modules_next_dist_client_0fhqo1d._.js:13990:64)
    at startTransition (file://C:/Users/MSI Bravo/OneDrive/Documents/Enginex/.next/dev/static/chunks/node_modules_next_dist_compiled_0rpq4pf._.js:1279:31)
    at processMessage (file://C:/Users/MSI Bravo/OneDrive/Documents/Enginex/.next/dev/static/chunks/node_modules_next_dist_client_0fhqo1d._.js:13989:44)
    at handleMessage (file://C:/Users/MSI Bravo/OneDrive/Documents/Enginex/.next/dev/static/chunks/node_modules_next_dist_client_0fhqo1d._.js:13358:52)
 GET /client/dashboard 200 in 324ms (next.js: 134ms, application-code: 190ms)
 GET /client/dashboard 200 in 114ms (next.js: 5ms, application-code: 109ms)
[browser] Image with src "/profile.avif" has "fill" but is missing "sizes" prop. Please add it to improve page performance. Read more: https://nextjs.org/docs/api-reference/next/image#sizes (file://C:/Users/MSI Bravo/OneDrive/Documents/Enginex/.next/dev/static/chunks/node_modules_next_dist_115brz8._.js:1340:21)
✓ Compiled in 47ms
 GET /client/dashboard 200 in 149ms (next.js: 102ms, application-code: 47ms)
 GET /client/dashboard 200 in 45ms (next.js: 6ms, application-code: 39ms)
✓ Compiled in 30ms
 GET /client/dashboard 200 in 142ms (next.js: 101ms, application-code: 40ms)
 GET /client/dashboard 200 in 37ms (next.js: 5ms, application-code: 32ms)
✓ Compiled in 27ms
 GET /client/dashboard 200 in 140ms (next.js: 99ms, application-code: 41ms)
 GET /client/dashboard 200 in 33ms (next.js: 4ms, application-code: 29ms)
 GET /client/dashboard 200 in 207ms (next.js: 5ms, application-code: 202ms)
 GET /client/dashboard 200 in 108ms (next.js: 5ms, application-code: 103ms)
 GET /client/dashboard 200 in 105ms (next.js: 4ms, application-code: 101ms)
[browser] Image with src "/profile.avif" has "fill" but is missing "sizes" prop. Please add it to improve page performance. Read more: https://nextjs.org/docs/api-reference/next/image#sizes (file://C:/Users/MSI Bravo/OneDrive/Documents/Enginex/.next/dev/static/chunks/node_modules_next_dist_115brz8._.js:1340:21)
✓ Compiled in 39ms
 GET /client/dashboard 200 in 163ms (next.js: 122ms, application-code: 41ms)
 GET /client/dashboard 200 in 41ms (next.js: 5ms, application-code: 37ms)
✓ Compiled in 32ms
 GET /client/dashboard 200 in 168ms (next.js: 114ms, application-code: 55ms)
 GET /client/dashboard 200 in 37ms (next.js: 6ms, application-code: 31ms)
 GET /client/dashboard 200 in 201ms (next.js: 5ms, application-code: 196ms)
[browser] Image with src "/profile.avif" has "fill" but is missing "sizes" prop. Please add it to improve page performance. Read more: https://nextjs.org/docs/api-reference/next/image#sizes (file://C:/Users/MSI Bravo/OneDrive/Documents/Enginex/.next/dev/static/chunks/node_modules_next_dist_115brz8._.js:1340:21)
 GET /client/dashboard 200 in 68ms (next.js: 4ms, application-code: 64ms)
 GET /client/dashboard 200 in 128ms (next.js: 6ms, application-code: 122ms)
[browser] Image with src "/profile.avif" has "fill" but is missing "sizes" prop. Please add it to improve page performance. Read more: https://nextjs.org/docs/api-reference/next/image#sizes (file://C:/Users/MSI Bravo/OneDrive/Documents/Enginex/.next/dev/static/chunks/node_modules_next_dist_115brz8._.js:1340:21)
 GET /client/dashboard 200 in 110ms (next.js: 5ms, application-code: 105ms)
[browser] Image with src "/profile.avif" has "fill" but is missing "sizes" prop. Please add it to improve page performance. Read more: https://nextjs.org/docs/api-reference/next/image#sizes (file://C:/Users/MSI Bravo/OneDrive/Documents/Enginex/.next/dev/static/chunks/node_modules_next_dist_115brz8._.js:1340:21)
 GET /client/dashboard 200 in 104ms (next.js: 5ms, application-code: 99ms)
[browser] Image with src "/profile.avif" has "fill" but is missing "sizes" prop. Please add it to improve page performance. Read more: https://nextjs.org/docs/api-reference/next/image#sizes (file://C:/Users/MSI Bravo/OneDrive/Documents/Enginex/.next/dev/static/chunks/node_modules_next_dist_115brz8._.js:1340:21)
✓ Compiled in 38ms
 GET /client/dashboard 200 in 141ms (next.js: 95ms, application-code: 46ms)
 GET /client/dashboard 200 in 101ms (next.js: 6ms, application-code: 95ms)
✓ Compiled in 25ms
 GET /client/dashboard 200 in 144ms (next.js: 104ms, application-code: 40ms)
 GET /client/dashboard 200 in 38ms (next.js: 5ms, application-code: 33ms)
✓ Compiled in 28ms
 GET /client/dashboard 200 in 139ms (next.js: 99ms, application-code: 39ms)
 GET /client/dashboard 200 in 38ms (next.js: 5ms, application-code: 33ms)
✓ Compiled in 38ms
 GET /client/dashboard 200 in 155ms (next.js: 112ms, application-code: 43ms)
 GET /client/dashboard 200 in 39ms (next.js: 5ms, application-code: 34ms)
 GET /client/dashboard 200 in 205ms (next.js: 5ms, application-code: 200ms)
 GET /client/dashboard 200 in 109ms (next.js: 5ms, application-code: 103ms)
[browser] Image with src "/profile.avif" has "fill" but is missing "sizes" prop. Please add it to improve page performance. Read more: https://nextjs.org/docs/api-reference/next/image#sizes (file://C:/Users/MSI Bravo/OneDrive/Documents/Enginex/.next/dev/static/chunks/node_modules_next_dist_115brz8._.js:1340:21)
 GET /client/dashboard 200 in 79ms (next.js: 5ms, application-code: 74ms)
[browser] Image with src "/profile.avif" has "fill" but is missing "sizes" prop. Please add it to improve page performance. Read more: https://nextjs.org/docs/api-reference/next/image#sizes (file://C:/Users/MSI Bravo/OneDrive/Documents/Enginex/.next/dev/static/chunks/node_modules_next_dist_115brz8._.js:1340:21)
✓ Compiled in 48ms
 GET /client/dashboard 200 in 157ms (next.js: 114ms, application-code: 42ms)
 GET /client/dashboard 200 in 40ms (next.js: 5ms, application-code: 35ms)
✓ Compiled in 32ms
 GET /client/dashboard 200 in 135ms (next.js: 95ms, application-code: 40ms)
 GET /client/dashboard 200 in 35ms (next.js: 4ms, application-code: 31ms)
✓ Compiled in 44ms
 GET /client/dashboard 200 in 150ms (next.js: 97ms, application-code: 53ms)
 GET /client/dashboard 200 in 46ms (next.js: 6ms, application-code: 41ms)
 GET /client/dashboard 200 in 214ms (next.js: 5ms, application-code: 209ms)
✓ Compiled in 30ms
 GET /client/dashboard 200 in 131ms (next.js: 96ms, application-code: 35ms)
 GET /client/dashboard 200 in 33ms (next.js: 4ms, application-code: 29ms)
✓ Compiled in 42ms
 GET /client/dashboard 200 in 173ms (next.js: 115ms, application-code: 58ms)
 GET /client/dashboard 200 in 51ms (next.js: 6ms, application-code: 45ms)
✓ Compiled in 29ms
 GET /client/dashboard 200 in 159ms (next.js: 109ms, application-code: 50ms)
 GET /client/dashboard 200 in 40ms (next.js: 5ms, application-code: 35ms)
✓ Compiled in 40ms
 GET /client/dashboard 200 in 126ms (next.js: 92ms, application-code: 34ms)
 GET /client/dashboard 200 in 35ms (next.js: 4ms, application-code: 31ms)
✓ Compiled in 60ms
 GET /client/dashboard 200 in 130ms (next.js: 92ms, application-code: 38ms)
 GET /client/dashboard 200 in 32ms (next.js: 4ms, application-code: 28ms)
✓ Compiled in 228ms
 GET /client/dashboard 200 in 183ms (next.js: 127ms, application-code: 56ms)
 GET /client/dashboard 200 in 53ms (next.js: 7ms, application-code: 47ms)
✓ Compiled in 45ms
 GET /client/dashboard 200 in 147ms (next.js: 101ms, application-code: 46ms)
 GET /client/dashboard 200 in 34ms (next.js: 5ms, application-code: 29ms)
✓ Compiled in 40ms
 GET /client/dashboard 200 in 143ms (next.js: 104ms, application-code: 39ms)
 GET /client/dashboard 200 in 37ms (next.js: 5ms, application-code: 32ms)
✓ Compiled in 45ms
 GET /client/dashboard 200 in 156ms (next.js: 104ms, application-code: 52ms)
 GET /client/dashboard 200 in 34ms (next.js: 4ms, application-code: 30ms)
✓ Compiled in 32ms
 GET /client/dashboard 200 in 135ms (next.js: 101ms, application-code: 34ms)
 GET /client/dashboard 200 in 33ms (next.js: 5ms, application-code: 29ms)
✓ Compiled in 42ms
 GET /client/dashboard 200 in 175ms (next.js: 130ms, application-code: 45ms)
 GET /client/dashboard 200 in 53ms (next.js: 6ms, application-code: 48ms)
✓ Compiled in 25ms
 GET /client/dashboard 200 in 132ms (next.js: 96ms, application-code: 36ms)
 GET /client/dashboard 200 in 33ms (next.js: 4ms, application-code: 29ms)
✓ Compiled in 39ms
 GET /client/dashboard 200 in 133ms (next.js: 98ms, application-code: 35ms)
 GET /client/dashboard 200 in 34ms (next.js: 4ms, application-code: 30ms)
✓ Compiled in 53ms
 GET /client/dashboard 200 in 161ms (next.js: 116ms, application-code: 45ms)
 GET /client/dashboard 200 in 39ms (next.js: 5ms, application-code: 34ms)
✓ Compiled in 145ms
 GET /client/dashboard 200 in 210ms (next.js: 141ms, application-code: 70ms)
 GET /client/dashboard 200 in 217ms (next.js: 5ms, application-code: 212ms)
[browser] Image with src "/profile.avif" has "fill" but is missing "sizes" prop. Please add it to improve page performance. Read more: https://nextjs.org/docs/api-reference/next/image#sizes (file://C:/Users/MSI Bravo/OneDrive/Documents/Enginex/.next/dev/static/chunks/node_modules_next_dist_115brz8._.js:1340:21)
✓ Compiled in 47ms
 GET /client/dashboard 200 in 167ms (next.js: 111ms, application-code: 57ms)
✓ Compiled in 49ms
 GET /client/dashboard 200 in 172ms (next.js: 118ms, application-code: 54ms)
✓ Compiled in 49ms
 GET /client/dashboard 200 in 135ms (next.js: 97ms, application-code: 38ms)
✓ Compiled in 48ms
 GET /client/dashboard 200 in 140ms (next.js: 101ms, application-code: 40ms)
✓ Compiled in 63ms
 GET /client/dashboard 200 in 132ms (next.js: 92ms, application-code: 39ms)
✓ Compiled in 59ms
 GET /client/dashboard 200 in 184ms (next.js: 123ms, application-code: 61ms)
 GET /client/marketplace 200 in 159ms (next.js: 122ms, application-code: 37ms)
 GET /client/dashboard 200 in 32ms (next.js: 5ms, application-code: 27ms)
 GET /client/marketplace 200 in 28ms (next.js: 4ms, application-code: 23ms)
 GET /client/dashboard 200 in 50ms (next.js: 5ms, application-code: 45ms)
 GET /client/marketplace 200 in 25ms (next.js: 6ms, application-code: 19ms)
 GET /client/dashboard 200 in 32ms (next.js: 5ms, application-code: 27ms)
✓ Compiled in 51ms
 GET /client/dashboard 200 in 136ms (next.js: 98ms, application-code: 39ms)
 GET /client/dashboard 200 in 176ms (next.js: 4ms, application-code: 171ms)
 GET /client/dashboard 200 in 94ms (next.js: 5ms, application-code: 89ms)
[browser] Image with src "/profile.avif" has "fill" but is missing "sizes" prop. Please add it to improve page performance. Read more: https://nextjs.org/docs/api-reference/next/image#sizes (file://C:/Users/MSI Bravo/OneDrive/Documents/Enginex/.next/dev/static/chunks/node_modules_next_dist_115brz8._.js:1340:21)
✓ Compiled in 57ms
 GET /client/dashboard 200 in 133ms (next.js: 93ms, application-code: 40ms)
✓ Compiled in 29ms
 GET /client/dashboard 200 in 133ms (next.js: 94ms, application-code: 39ms)
✓ Compiled in 32ms
 GET /client/dashboard 200 in 134ms (next.js: 94ms, application-code: 41ms)
✓ Compiled in 47ms
 GET /client/dashboard 200 in 141ms (next.js: 94ms, application-code: 47ms)
 GET /client/dashboard 200 in 49ms (next.js: 5ms, application-code: 44ms)
 GET /client/dashboard 200 in 189ms (next.js: 5ms, application-code: 184ms)
[browser] Image with src "/profile.avif" has "fill" but is missing "sizes" prop. Please add it to improve page performance. Read more: https://nextjs.org/docs/api-reference/next/image#sizes (file://C:/Users/MSI Bravo/OneDrive/Documents/Enginex/.next/dev/static/chunks/node_modules_next_dist_115brz8._.js:1340:21)
 GET /client/dashboard 200 in 106ms (next.js: 5ms, application-code: 101ms)
[browser] Image with src "/profile.avif" has "fill" but is missing "sizes" prop. Please add it to improve page performance. Read more: https://nextjs.org/docs/api-reference/next/image#sizes (file://C:/Users/MSI Bravo/OneDrive/Documents/Enginex/.next/dev/static/chunks/node_modules_next_dist_115brz8._.js:1340:21)
✓ Compiled in 41ms
 GET /client/dashboard 200 in 140ms (next.js: 99ms, application-code: 41ms)
 GET /client/dashboard 200 in 33ms (next.js: 4ms, application-code: 29ms)
✓ Compiled in 30ms
 GET /client/dashboard 200 in 159ms (next.js: 115ms, application-code: 44ms)
 GET /client/dashboard 200 in 44ms (next.js: 5ms, application-code: 39ms)
 GET /client/dashboard 200 in 189ms (next.js: 5ms, application-code: 185ms)
 GET /client/dashboard 200 in 75ms (next.js: 5ms, application-code: 70ms)
[browser] Image with src "/profile.avif" has "fill" but is missing "sizes" prop. Please add it to improve page performance. Read more: https://nextjs.org/docs/api-reference/next/image#sizes (file://C:/Users/MSI Bravo/OneDrive/Documents/Enginex/.next/dev/static/chunks/node_modules_next_dist_115brz8._.js:1340:21)
✓ Compiled in 42ms
 GET /client/dashboard 200 in 133ms (next.js: 95ms, application-code: 38ms)
 GET /client/dashboard 200 in 31ms (next.js: 4ms, application-code: 28ms)
✓ Compiled in 69ms
 GET /client/dashboard 200 in 147ms (next.js: 105ms, application-code: 42ms)
 GET /client/dashboard 200 in 35ms (next.js: 4ms, application-code: 30ms)
✓ Compiled in 77ms
 GET /client/dashboard 200 in 142ms (next.js: 99ms, application-code: 43ms)
 GET /client/dashboard 200 in 33ms (next.js: 4ms, application-code: 29ms)
✓ Compiled in 32ms
 GET /client/dashboard 200 in 197ms (next.js: 142ms, application-code: 54ms)
 GET /client/dashboard 200 in 49ms (next.js: 5ms, application-code: 44ms)
✓ Compiled in 43ms
 GET /client/dashboard 200 in 174ms (next.js: 123ms, application-code: 50ms)
 GET /client/dashboard 200 in 50ms (next.js: 5ms, application-code: 46ms)
✓ Compiled in 32ms
 GET /client/dashboard 200 in 133ms (next.js: 96ms, application-code: 37ms)
 GET /client/dashboard 200 in 35ms (next.js: 4ms, application-code: 31ms)
 GET /client/dashboard/new-request 404 in 44ms (next.js: 21ms, application-code: 23ms)
 GET /client/dashboard/new-request 404 in 71ms (next.js: 7ms, application-code: 64ms)
 GET /client/dashboard 200 in 144ms (next.js: 5ms, application-code: 139ms)
[browser] Image with src "/profile.avif" has "fill" but is missing "sizes" prop. Please add it to improve page performance. Read more: https://nextjs.org/docs/api-reference/next/image#sizes (file://C:/Users/MSI Bravo/OneDrive/Documents/Enginex/.next/dev/static/chunks/node_modules_next_dist_115brz8._.js:1340:21)
✓ Compiled in 72ms
 GET /client/dashboard 200 in 169ms (next.js: 118ms, application-code: 51ms)
 GET /client/dashboard 200 in 43ms (next.js: 11ms, application-code: 33ms)
 GET /client/dashboard 200 in 118ms (next.js: 5ms, application-code: 114ms)
✓ Compiled in 61ms
 GET /client/dashboard 200 in 148ms (next.js: 108ms, application-code: 40ms)
 GET /client/dashboard 200 in 76ms (next.js: 5ms, application-code: 71ms)
 GET /client/dashboard 200 in 36ms (next.js: 5ms, application-code: 31ms)
✓ Compiled in 34ms
 GET /client/dashboard 200 in 144ms (next.js: 104ms, application-code: 40ms)
 GET /client/dashboard 200 in 38ms (next.js: 4ms, application-code: 33ms)
 GET /client/dashboard 200 in 35ms (next.js: 4ms, application-code: 30ms)
✓ Compiled in 63ms
 GET /client/dashboard 200 in 169ms (next.js: 118ms, application-code: 51ms)
 GET /client/dashboard 200 in 56ms (next.js: 6ms, application-code: 50ms)
 GET /client/dashboard 200 in 39ms (next.js: 5ms, application-code: 34ms)
 GET /client/dashboard 200 in 181ms (next.js: 5ms, application-code: 176ms)
 GET /client/dashboard 200 in 101ms (next.js: 5ms, application-code: 96ms)
[browser] Image with src "/profile.avif" has "fill" but is missing "sizes" prop. Please add it to improve page performance. Read more: https://nextjs.org/docs/api-reference/next/image#sizes (file://C:/Users/MSI Bravo/OneDrive/Documents/Enginex/.next/dev/static/chunks/node_modules_next_dist_115brz8._.js:1340:21)
✓ Compiled in 44ms
 GET /client/dashboard 200 in 154ms (next.js: 110ms, application-code: 44ms)
 GET /client/dashboard 200 in 37ms (next.js: 4ms, application-code: 32ms)
 GET /client/dashboard 200 in 34ms (next.js: 5ms, application-code: 30ms)
 GET /client/dashboard 200 in 121ms (next.js: 82ms, application-code: 39ms)
 GET /client/dashboard 200 in 172ms (next.js: 109ms, application-code: 63ms)
✓ Compiled in 63ms
 GET /client/dashboard 200 in 165ms (next.js: 125ms, application-code: 40ms)
 GET /client/dashboard 200 in 37ms (next.js: 4ms, application-code: 33ms)
✓ Compiled in 60ms
 GET /client/dashboard 200 in 138ms (next.js: 98ms, application-code: 40ms)
 GET /client/dashboard 200 in 41ms (next.js: 5ms, application-code: 36ms)
✓ Compiled in 45ms
 GET /client/dashboard 200 in 156ms (next.js: 110ms, application-code: 47ms)
 GET /client/dashboard 200 in 43ms (next.js: 5ms, application-code: 38ms)
✓ Compiled in 65ms
 GET /client/dashboard 200 in 134ms (next.js: 97ms, application-code: 37ms)
 GET /client/dashboard 200 in 41ms (next.js: 4ms, application-code: 37ms)
✓ Compiled in 43ms
 GET /client/dashboard 200 in 137ms (next.js: 100ms, application-code: 37ms)
 GET /client/dashboard 200 in 40ms (next.js: 5ms, application-code: 35ms)
✓ Compiled in 45ms
 GET /client/dashboard 200 in 147ms (next.js: 108ms, application-code: 39ms)
 GET /client/dashboard 200 in 36ms (next.js: 5ms, application-code: 31ms)
✓ Compiled in 37ms
 GET /client/dashboard 200 in 143ms (next.js: 106ms, application-code: 38ms)
 GET /client/dashboard 200 in 35ms (next.js: 4ms, application-code: 30ms)
✓ Compiled in 46ms
 GET /client/dashboard 200 in 145ms (next.js: 106ms, application-code: 39ms)
 GET /client/dashboard 200 in 36ms (next.js: 4ms, application-code: 31ms)
 GET /client/dashboard 200 in 187ms (next.js: 5ms, application-code: 182ms)
[browser] Image with src "/profile.avif" has "fill" but is missing "sizes" prop. Please add it to improve page performance. Read more: https://nextjs.org/docs/api-reference/next/image#sizes (file://C:/Users/MSI Bravo/OneDrive/Documents/Enginex/.next/dev/static/chunks/node_modules_next_dist_115brz8._.js:1340:21)
✓ Compiled in 44ms
 GET /client/dashboard 200 in 144ms (next.js: 106ms, application-code: 38ms)
 GET /client/dashboard 200 in 35ms (next.js: 5ms, application-code: 30ms)
✓ Compiled in 31ms
 GET /client/dashboard 200 in 186ms (next.js: 131ms, application-code: 55ms)
 GET /client/dashboard 200 in 45ms (next.js: 5ms, application-code: 40ms)
✓ Compiled in 35ms
 GET /client/dashboard 200 in 195ms (next.js: 126ms, application-code: 69ms)
 GET /client/dashboard 200 in 52ms (next.js: 4ms, application-code: 47ms)
✓ Compiled in 47ms
 GET /client/dashboard 200 in 141ms (next.js: 106ms, application-code: 35ms)
 GET /client/dashboard 200 in 37ms (next.js: 5ms, application-code: 32ms)
✓ Compiled in 38ms
 GET /client/dashboard 200 in 217ms (next.js: 151ms, application-code: 66ms)
 GET /client/dashboard 200 in 102ms (next.js: 6ms, application-code: 96ms)
✓ Compiled in 77ms
 GET /client/dashboard 200 in 144ms (next.js: 105ms, application-code: 38ms)
 GET /client/dashboard 200 in 36ms (next.js: 5ms, application-code: 31ms)
✓ Compiled in 37ms
 GET /client/dashboard 200 in 148ms (next.js: 108ms, application-code: 40ms)
 GET /client/dashboard 200 in 47ms (next.js: 5ms, application-code: 42ms)
✓ Compiled in 32ms
 GET /client/dashboard 200 in 167ms (next.js: 105ms, application-code: 61ms)
 GET /client/dashboard 200 in 55ms (next.js: 6ms, application-code: 49ms)
✓ Compiled in 74ms
 GET /client/dashboard 200 in 164ms (next.js: 115ms, application-code: 49ms)
 GET /client/dashboard 200 in 42ms (next.js: 5ms, application-code: 37ms)
✓ Compiled in 30ms
 GET /client/dashboard 200 in 148ms (next.js: 108ms, application-code: 40ms)
 GET /client/dashboard 200 in 49ms (next.js: 5ms, application-code: 45ms)
✓ Compiled in 45ms
 GET /client/dashboard 200 in 140ms (next.js: 100ms, application-code: 40ms)
 GET /client/dashboard 200 in 36ms (next.js: 4ms, application-code: 32ms)
✓ Compiled in 53ms
 GET /client/dashboard 200 in 180ms (next.js: 142ms, application-code: 38ms)
✓ Compiled in 38ms
 GET /client/dashboard 200 in 145ms (next.js: 98ms, application-code: 46ms)
✓ Compiled in 38ms
 GET /client/dashboard 200 in 130ms (next.js: 92ms, application-code: 38ms)
✓ Compiled in 49ms
 GET /client/dashboard 200 in 161ms (next.js: 119ms, application-code: 42ms)
✓ Compiled in 51ms
 GET /client/dashboard 200 in 190ms (next.js: 135ms, application-code: 55ms)
✓ Compiled in 55ms
 GET /client/dashboard 200 in 173ms (next.js: 118ms, application-code: 55ms)
✓ Compiled in 87ms
 GET /client/dashboard 200 in 206ms (next.js: 144ms, application-code: 62ms)
✓ Compiled in 54ms
 GET /client/dashboard 200 in 188ms (next.js: 127ms, application-code: 61ms)
✓ Compiled in 35ms
 GET /client/dashboard 200 in 148ms (next.js: 108ms, application-code: 40ms)
✓ Compiled in 49ms
 GET /client/dashboard 200 in 151ms (next.js: 102ms, application-code: 49ms)
✓ Compiled in 76ms
 GET /client/dashboard 200 in 142ms (next.js: 104ms, application-code: 38ms)
 GET /client/dashboard 200 in 196ms (next.js: 5ms, application-code: 190ms)
[browser] Image with src "/profile.avif" has "fill" but is missing "sizes" prop. Please add it to improve page performance. Read more: https://nextjs.org/docs/api-reference/next/image#sizes (file://C:/Users/MSI Bravo/OneDrive/Documents/Enginex/.next/dev/static/chunks/node_modules_next_dist_115brz8._.js:1340:21)
✓ Compiled in 42ms
 GET /client/dashboard 200 in 135ms (next.js: 99ms, application-code: 36ms)
✓ Compiled in 32ms
 GET /client/dashboard 200 in 134ms (next.js: 99ms, application-code: 35ms)
✓ Compiled in 56ms
 GET /client/dashboard 200 in 168ms (next.js: 111ms, application-code: 57ms)
✓ Compiled in 42ms
 GET /client/dashboard 200 in 168ms (next.js: 117ms, application-code: 50ms)
✓ Compiled in 83ms
 GET /client/dashboard 200 in 177ms (next.js: 132ms, application-code: 44ms)
✓ Compiled in 48ms
 GET /client/dashboard 200 in 136ms (next.js: 100ms, application-code: 36ms)
✓ Compiled in 40ms
 GET /client/dashboard 200 in 164ms (next.js: 113ms, application-code: 52ms)
✓ Compiled in 55ms
 GET /client/dashboard 200 in 158ms (next.js: 118ms, application-code: 40ms)
 GET /client/dashboard 200 in 199ms (next.js: 5ms, application-code: 194ms)
[browser] Image with src "/profile.avif" has "fill" but is missing "sizes" prop. Please add it to improve page performance. Read more: https://nextjs.org/docs/api-reference/next/image#sizes (file://C:/Users/MSI Bravo/OneDrive/Documents/Enginex/.next/dev/static/chunks/node_modules_next_dist_115brz8._.js:1340:21)
✓ Compiled in 47ms
 GET /client/dashboard 200 in 153ms (next.js: 112ms, application-code: 41ms)
✓ Compiled in 54ms
 GET /client/dashboard 200 in 166ms (next.js: 104ms, application-code: 61ms)
✓ Compiled in 35ms
 GET /client/dashboard 200 in 161ms (next.js: 113ms, application-code: 49ms)
✓ Compiled in 53ms
 GET /client/dashboard 200 in 147ms (next.js: 105ms, application-code: 42ms)
✓ Compiled in 53ms
 GET /client/dashboard 200 in 150ms (next.js: 109ms, application-code: 41ms)
✓ Compiled in 41ms
 GET /client/dashboard 200 in 154ms (next.js: 104ms, application-code: 50ms)
✓ Compiled in 36ms
 GET /client/dashboard 200 in 148ms (next.js: 105ms, application-code: 43ms)
✓ Compiled in 38ms
 GET /client/dashboard 200 in 141ms (next.js: 105ms, application-code: 36ms)
✓ Compiled in 54ms
 GET /client/dashboard 200 in 138ms (next.js: 102ms, application-code: 36ms)
 GET /client/dashboard 200 in 184ms (next.js: 5ms, application-code: 179ms)
[browser] Image with src "/profile.avif" has "fill" but is missing "sizes" prop. Please add it to improve page performance. Read more: https://nextjs.org/docs/api-reference/next/image#sizes (file://C:/Users/MSI Bravo/OneDrive/Documents/Enginex/.next/dev/static/chunks/node_modules_next_dist_115brz8._.js:1340:21)
✓ Compiled in 37ms
 GET /client/dashboard 200 in 155ms (next.js: 105ms, application-code: 51ms)
✓ Compiled in 32ms
 GET /client/dashboard 200 in 138ms (next.js: 103ms, application-code: 36ms)
✓ Compiled in 33ms
 GET /client/dashboard 200 in 175ms (next.js: 132ms, application-code: 43ms)
✓ Compiled in 111ms
 GET /client/dashboard 200 in 219ms (next.js: 153ms, application-code: 66ms)
✓ Compiled in 44ms
 GET /client/dashboard 200 in 165ms (next.js: 109ms, application-code: 56ms)
✓ Compiled in 47ms
 GET /client/dashboard 200 in 232ms (next.js: 182ms, application-code: 50ms)
✓ Compiled in 33ms
 GET /client/dashboard 200 in 253ms (next.js: 202ms, application-code: 51ms)
✓ Compiled in 75ms
 GET /client/dashboard 200 in 187ms (next.js: 111ms, application-code: 76ms)
✓ Compiled in 59ms
 GET /client/dashboard 200 in 153ms (next.js: 110ms, application-code: 43ms)
✓ Compiled in 40ms
 GET /client/dashboard 200 in 148ms (next.js: 102ms, application-code: 46ms)
✓ Compiled in 51ms
 GET /client/dashboard 200 in 155ms (next.js: 107ms, application-code: 48ms)
 GET /client/dashboard 200 in 164ms (next.js: 5ms, application-code: 159ms)
[browser] Image with src "/profile.avif" has "fill" but is missing "sizes" prop. Please add it to improve page performance. Read more: https://nextjs.org/docs/api-reference/next/image#sizes (file://C:/Users/MSI Bravo/OneDrive/Documents/Enginex/.next/dev/static/chunks/node_modules_next_dist_115brz8._.js:1340:21)
✓ Compiled in 58ms
 GET /client/dashboard 200 in 178ms (next.js: 130ms, application-code: 48ms)
✓ Compiled in 32ms
 GET /client/dashboard 200 in 146ms (next.js: 106ms, application-code: 41ms)
✓ Compiled in 47ms
 GET /client/dashboard 200 in 150ms (next.js: 107ms, application-code: 43ms)
 GET /client/dashboard 200 in 201ms (next.js: 6ms, application-code: 196ms)
[browser] Image with src "/profile.avif" has "fill" but is missing "sizes" prop. Please add it to improve page performance. Read more: https://nextjs.org/docs/api-reference/next/image#sizes (file://C:/Users/MSI Bravo/OneDrive/Documents/Enginex/.next/dev/static/chunks/node_modules_next_dist_115brz8._.js:1340:21)
✓ Compiled in 53ms
 GET /client/dashboard 200 in 169ms (next.js: 118ms, application-code: 51ms)
✓ Compiled in 46ms
 GET /client/dashboard 200 in 180ms (next.js: 129ms, application-code: 51ms)
✓ Compiled in 83ms
 GET /client/dashboard 200 in 144ms (next.js: 105ms, application-code: 39ms)
✓ Compiled in 125ms
 GET /client/dashboard 200 in 161ms (next.js: 119ms, application-code: 42ms)
✓ Compiled in 61ms
 GET /client/dashboard 200 in 171ms (next.js: 126ms, application-code: 45ms)
✓ Compiled in 67ms
 GET /client/dashboard 200 in 150ms (next.js: 110ms, application-code: 40ms)
✓ Compiled in 60ms
 GET /client/dashboard 200 in 184ms (next.js: 111ms, application-code: 74ms)
✓ Compiled in 47ms
 GET /client/dashboard 200 in 161ms (next.js: 110ms, application-code: 51ms)
✓ Compiled in 65ms
 GET /client/dashboard 200 in 186ms (next.js: 132ms, application-code: 54ms)
✓ Compiled in 38ms
 GET /client/dashboard 200 in 170ms (next.js: 122ms, application-code: 48ms)
✓ Compiled in 77ms
 GET /client/dashboard 200 in 156ms (next.js: 100ms, application-code: 56ms)
✓ Compiled in 49ms
 GET /client/dashboard 200 in 193ms (next.js: 146ms, application-code: 47ms)
✓ Compiled in 49ms
 GET /client/dashboard 200 in 208ms (next.js: 153ms, application-code: 54ms)
✓ Compiled in 36ms
 GET /client/dashboard 200 in 130ms (next.js: 93ms, application-code: 36ms)
✓ Compiled in 48ms
 GET /client/dashboard 200 in 135ms (next.js: 94ms, application-code: 41ms)
✓ Compiled in 46ms
 GET /client/dashboard 200 in 137ms (next.js: 99ms, application-code: 38ms)
✓ Compiled in 41ms
 GET /client/dashboard 200 in 140ms (next.js: 97ms, application-code: 43ms)
✓ Compiled in 44ms
 GET /client/dashboard 200 in 151ms (next.js: 102ms, application-code: 50ms)
✓ Compiled in 54ms
 GET /client/dashboard 200 in 134ms (next.js: 95ms, application-code: 39ms)
✓ Compiled in 72ms
 GET /client/dashboard 200 in 155ms (next.js: 111ms, application-code: 44ms)
 GET /client/dashboard 200 in 40ms (next.js: 5ms, application-code: 35ms)
✓ Compiled in 72ms
 GET /client/dashboard 200 in 180ms (next.js: 117ms, application-code: 62ms)
 GET /client/dashboard 200 in 65ms (next.js: 6ms, application-code: 58ms)
✓ Compiled in 66ms
 GET /client/dashboard 200 in 149ms (next.js: 101ms, application-code: 47ms)
 GET /client/dashboard 200 in 36ms (next.js: 5ms, application-code: 32ms)
✓ Compiled in 36ms
 GET /client/dashboard 200 in 168ms (next.js: 124ms, application-code: 43ms)
 GET /client/dashboard 200 in 55ms (next.js: 5ms, application-code: 50ms)
✓ Compiled in 49ms
 GET /client/dashboard 200 in 153ms (next.js: 103ms, application-code: 50ms)
 GET /client/dashboard 200 in 49ms (next.js: 6ms, application-code: 43ms)
✓ Compiled in 53ms
 GET /client/dashboard 200 in 150ms (next.js: 104ms, application-code: 46ms)
 GET /client/dashboard 200 in 44ms (next.js: 5ms, application-code: 38ms)
✓ Compiled in 43ms
 GET /client/dashboard 200 in 133ms (next.js: 93ms, application-code: 39ms)
 GET /client/dashboard 200 in 42ms (next.js: 5ms, application-code: 37ms)
✓ Compiled in 52ms
 GET /client/dashboard 200 in 135ms (next.js: 97ms, application-code: 38ms)
 GET /client/dashboard 200 in 41ms (next.js: 6ms, application-code: 35ms)
⨯ ./app/(client)/client/_components/EngineerCard.tsx:18:12
Expected ',', got 'string literal'
  [90m16 |[0m   avatar,
  [90m17 |[0m   tags,
[31m[1m>[0m [90m18 |[0m   className[32m""[0m,
  [90m   |[0m            [31m[1m^^[0m
  [90m19 |[0m }: [33mEngineerCardProps[0m) {
  [90m20 |[0m   [36mreturn[0m (
  [90m21 |[0m     <article className=[32m"bg-white border-4 border-black p-5 shadow-[4px_4px_0px_0px_rgba(0,...[0m

Parsing ecmascript source code failed

Import trace:
  Server Component:
    ./app/(client)/client/_components/EngineerCard.tsx
    ./app/(client)/client/dashboard/page.tsx


 GET /client/dashboard 500 in 53ms (next.js: 38ms, application-code: 14ms)
⨯ ./app/(client)/client/_components/EngineerCard.tsx:18:12
Expected ',', got 'string literal'
  [90m16 |[0m   avatar,
  [90m17 |[0m   tags,
[31m[1m>[0m [90m18 |[0m   className[32m""[0m,
  [90m   |[0m            [31m[1m^^[0m
  [90m19 |[0m }: [33mEngineerCardProps[0m) {
  [90m20 |[0m   [36mreturn[0m (
  [90m21 |[0m     <article className=[32m"bg-white border-4 border-black p-5 shadow-[4px_4px_0px_0px_rgba(0,...[0m

Parsing ecmascript source code failed

Import trace:
  Server Component:
    ./app/(client)/client/_components/EngineerCard.tsx
    ./app/(client)/client/dashboard/page.tsx


 GET /client/dashboard 500 in 17ms (next.js: 9ms, application-code: 8ms)
[browser] Uncaught Error: ./app/(client)/client/_components/EngineerCard.tsx:18:12
Expected ',', got 'string literal'
  16 |   avatar,
  17 |   tags,
> 18 |   className"",
     |            ^^
  19 | }: EngineerCardProps) {
  20 |   return (
  21 |     <article className="bg-white border-4 border-black p-5 shadow-[4px_4px_0px_0px_rgba(0,...

Parsing ecmascript source code failed

Import trace:
  Server Component:
    ./app/(client)/client/_components/EngineerCard.tsx
    ./app/(client)/client/dashboard/page.tsx


    at <unknown> (Error: ./app/(client)/client/_components/EngineerCard.tsx:18:12)
    at <unknown> (Error: (./app/(client)/client/_components/EngineerCard.tsx:18:12)
[browser] ./app/(client)/client/_components/EngineerCard.tsx:18:12
Expected ',', got 'string literal'
  16 |   avatar,
  17 |   tags,
> 18 |   className"",
     |            ^^
  19 | }: EngineerCardProps) {
  20 |   return (
  21 |     <article className="bg-white border-4 border-black p-5 shadow-[4px_4px_0px_0px_rgba(0,...

Parsing ecmascript source code failed

Import trace:
  Server Component:
    ./app/(client)/client/_components/EngineerCard.tsx
    ./app/(client)/client/dashboard/page.tsx 
    at processMessage (file://C:/Users/MSI Bravo/OneDrive/Documents/Enginex/.next/dev/static/chunks/node_modules_next_dist_client_0pe1dg-._.js:2835:28)
    at connect/< (file://C:/Users/MSI Bravo/OneDrive/Documents/Enginex/.next/dev/static/chunks/node_modules_next_dist_client_0pe1dg-._.js:2680:27)
    at handleMessage (file://C:/Users/MSI Bravo/OneDrive/Documents/Enginex/.next/dev/static/chunks/node_modules_next_dist_client_0pe1dg-._.js:2325:32) (file://C:/Users/MSI Bravo/OneDrive/Documents/Enginex/.next/dev/static/chunks/node_modules_next_dist_client_0pe1dg-._.js:2835:28)
[browser] ./app/(client)/client/_components/EngineerCard.tsx:18:12
Expected ',', got 'string literal'
  16 |   avatar,
  17 |   tags,
> 18 |   className"",
     |            ^^
  19 | }: EngineerCardProps) {
  20 |   return (
  21 |     <article className="bg-white border-4 border-black p-5 shadow-[4px_4px_0px_0px_rgba(0,...

Parsing ecmascript source code failed

Import trace:
  Server Component:
    ./app/(client)/client/_components/EngineerCard.tsx
    ./app/(client)/client/dashboard/page.tsx 
    at processMessage (file://C:/Users/MSI Bravo/OneDrive/Documents/Enginex/.next/dev/static/chunks/node_modules_next_dist_client_0pe1dg-._.js:2835:28)
    at connect/< (file://C:/Users/MSI Bravo/OneDrive/Documents/Enginex/.next/dev/static/chunks/node_modules_next_dist_client_0pe1dg-._.js:2680:27)
    at handleMessage (file://C:/Users/MSI Bravo/OneDrive/Documents/Enginex/.next/dev/static/chunks/node_modules_next_dist_client_0pe1dg-._.js:2325:32) (file://C:/Users/MSI Bravo/OneDrive/Documents/Enginex/.next/dev/static/chunks/node_modules_next_dist_client_0pe1dg-._.js:2835:28)
✓ Compiled in 40ms
 GET /client/dashboard 200 in 222ms (next.js: 94ms, application-code: 129ms)
[browser] Image with src "/profile.avif" has "fill" but is missing "sizes" prop. Please add it to improve page performance. Read more: https://nextjs.org/docs/api-reference/next/image#sizes (file://C:/Users/MSI Bravo/OneDrive/Documents/Enginex/.next/dev/static/chunks/node_modules_next_dist_115brz8._.js:1340:21)
✓ Compiled in 31ms
 GET /client/dashboard 200 in 180ms (next.js: 93ms, application-code: 87ms)
 GET /client/dashboard 200 in 50ms (next.js: 7ms, application-code: 43ms)
✓ Compiled in 64ms
 GET /client/dashboard 200 in 138ms (next.js: 80ms, application-code: 58ms)
 GET /client/dashboard 200 in 42ms (next.js: 6ms, application-code: 36ms)
[browser] Image with src "/enginex-logo.png" was detected as the Largest Contentful Paint (LCP). Please add the `loading="eager"` property if this image is above the fold.
Read more: https://nextjs.org/docs/app/api-reference/components/image#loading (file://C:/Users/MSI Bravo/OneDrive/Documents/Enginex/.next/dev/static/chunks/node_modules_next_dist_115brz8._.js:1340:21)
✓ Compiled in 28ms
 GET /client/dashboard 200 in 109ms (next.js: 75ms, application-code: 34ms)
 GET /client/dashboard 200 in 37ms (next.js: 5ms, application-code: 32ms)
✓ Compiled in 59ms
 GET /client/dashboard 200 in 112ms (next.js: 78ms, application-code: 34ms)
 GET /client/dashboard 200 in 50ms (next.js: 4ms, application-code: 46ms)
✓ Compiled in 47ms
 GET /client/dashboard 200 in 123ms (next.js: 78ms, application-code: 44ms)
 GET /client/dashboard 200 in 35ms (next.js: 5ms, application-code: 30ms)
 GET /request 404 in 209ms (next.js: 65ms, application-code: 143ms)
 GET /client/request 200 in 1551ms (next.js: 1455ms, application-code: 96ms)
[browser] Image with src "/profile.avif" has "fill" but is missing "sizes" prop. Please add it to improve page performance. Read more: https://nextjs.org/docs/api-reference/next/image#sizes (file://C:/Users/MSI Bravo/OneDrive/Documents/Enginex/.next/dev/static/chunks/node_modules_next_dist_115brz8._.js:1340:21)
 GET /client/request 200 in 52ms (next.js: 5ms, application-code: 47ms)
 GET /client/request 200 in 54ms (next.js: 5ms, application-code: 49ms)
✓ Compiled in 64ms
 GET /client/request 200 in 172ms (next.js: 141ms, application-code: 31ms)
✓ Compiled in 140ms
 GET /client/request 200 in 192ms (next.js: 79ms, application-code: 113ms)
✓ Compiled in 72ms
 GET /client/request 200 in 121ms (next.js: 88ms, application-code: 32ms)
 GET /client/request 200 in 95ms (next.js: 4ms, application-code: 91ms)
 GET /client/request 200 in 41ms (next.js: 4ms, application-code: 37ms)
 GET /client/dashboard 200 in 184ms (next.js: 79ms, application-code: 105ms)
 GET /client/request 200 in 43ms (next.js: 4ms, application-code: 38ms)
 GET /client/dashboard 200 in 62ms (next.js: 4ms, application-code: 58ms)
 GET /client/request 200 in 41ms (next.js: 4ms, application-code: 37ms)
 GET /client/request 200 in 45ms (next.js: 4ms, application-code: 40ms)
 GET /client/dashboard 200 in 43ms (next.js: 5ms, application-code: 38ms)
[browser] Image with src "/profile.avif" has "fill" but is missing "sizes" prop. Please add it to improve page performance. Read more: https://nextjs.org/docs/api-reference/next/image#sizes (file://C:/Users/MSI Bravo/OneDrive/Documents/Enginex/.next/dev/static/chunks/node_modules_next_dist_115brz8._.js:1340:21)
 GET /client/marketplace 200 in 119ms (next.js: 92ms, application-code: 27ms)
 GET /client/dashboard 200 in 37ms (next.js: 5ms, application-code: 32ms)
 GET /client/marketplace 200 in 25ms (next.js: 5ms, application-code: 20ms)
 GET /client/dashboard 200 in 39ms (next.js: 5ms, application-code: 34ms)
 GET /client/marketplace 200 in 27ms (next.js: 6ms, application-code: 22ms)
 GET /client/dashboard 200 in 45ms (next.js: 5ms, application-code: 40ms)
 GET /client/request 200 in 25ms (next.js: 5ms, application-code: 20ms)
